,w/c_ratio,fiber,concentration,specific_mass,elastic_modulus,fiber_tensile_strength,toughness_factor
0,0.52,7,0.83,1.3,39.0,1600,4.783
1,0.5,1,0.87,7.85,210.0,1000,4.801
2,0.63,3,0.66,0.91,3.5,500,4.816
3,0.4,7,1.34,1.3,39.0,1600,4.818
4,0.38,6,1.84,2.75,95.0,3300,4.834
5,0.61,6,1.59,2.75,95.0,3300,4.84
6,0.41,7,1.7,1.3,39.0,1600,4.841
7,0.64,2,0.84,0.91,7.0,550,4.841
8,0.62,6,1.25,2.75,95.0,3300,4.853
9,0.5,6,1.66,2.75,95.0,3300,4.862
10,0.3,7,1.31,1.3,39.0,1600,4.863
11,0.6,2,0.46,0.91,7.0,550,4.878
12,0.57,3,0.6,0.91,3.5,500,4.879
13,0.58,2,0.76,0.91,7.0,550,4.886
14,0.41,6,1.89,2.75,95.0,3300,4.895
15,0.66,2,0.81,0.91,7.0,550,4.898
16,0.63,1,0.72,7.85,210.0,1000,4.911
17,0.5,1,0.58,7.85,210.0,1000,4.917
18,0.33,6,1.49,2.75,95.0,3300,4.918
19,0.61,2,0.35,0.91,7.0,550,4.924
20,0.37,7,1.27,1.3,39.0,1600,4.924
21,0.37,1,0.92,7.85,210.0,1000,4.929
22,0.56,1,0.7,7.85,210.0,1000,4.933
23,0.46,1,0.54,7.85,210.0,1000,4.933
24,0.66,1,1.61,7.85,210.0,1000,4.944
25,0.62,1,1.05,7.85,210.0,1000,4.945
26,0.33,6,1.32,2.75,95.0,3300,4.947
27,0.66,1,0.46,7.85,210.0,1000,4.967
28,0.54,2,0.34,0.91,7.0,550,4.972
29,0.66,2,0.45,0.91,7.0,550,4.977
30,0.33,6,1.31,2.75,95.0,3300,4.978
31,0.34,5,0.99,1.34,2.0,450,4.992
32,0.44,1,0.91,7.85,210.0,1000,4.993
33,0.52,6,0.91,2.75,95.0,3300,4.993
34,0.32,6,1.61,2.75,95.0,3300,4.994
35,0.66,1,0.58,7.85,210.0,1000,4.996
36,0.63,1,0.65,7.85,210.0,1000,5.0
37,0.37,6,1.63,2.75,95.0,3300,5.005
38,0.29,6,1.38,2.75,95.0,3300,5.02
39,0.5,2,0.88,0.91,7.0,550,5.026
40,0.53,1,0.97,7.85,210.0,1000,5.027
41,0.54,1,1.09,7.85,210.0,1000,5.04
42,0.3,2,0.47,0.91,7.0,550,5.047
43,0.62,1,0.87,7.85,210.0,1000,5.05
44,0.56,3,0.66,0.91,3.5,500,5.053
45,0.43,6,1.34,2.75,95.0,3300,5.071
46,0.65,1,0.83,7.85,210.0,1000,5.074
47,0.36,6,1.77,2.75,95.0,3300,5.081
48,0.66,1,0.97,7.85,210.0,1000,5.095
49,0.62,8,0.55,0.98,5.0,570,5.098
50,0.52,2,0.58,0.91,7.0,550,5.115
51,0.31,6,1.52,2.75,95.0,3300,5.118
52,0.41,7,1.02,1.3,39.0,1600,5.137
53,0.41,9,1.15,1.14,3.15,550,5.138
54,0.66,2,0.56,0.91,7.0,550,5.142
55,0.62,1,0.81,7.85,210.0,1000,5.142
56,0.62,1,0.64,7.85,210.0,1000,5.192
57,0.33,2,0.49,0.91,7.0,550,5.196
58,0.32,6,1.43,2.75,95.0,3300,5.201
59,0.55,2,0.71,0.91,7.0,550,5.225
60,0.3,6,1.71,2.75,95.0,3300,5.251
61,0.5,1,0.6,7.85,210.0,1000,5.254
62,0.62,2,0.57,0.91,7.0,550,5.258
63,0.32,6,2.0,2.75,95.0,3300,5.269
64,0.46,6,1.79,2.75,95.0,3300,5.277
65,0.3,6,1.68,2.75,95.0,3300,5.277
66,0.57,1,0.46,7.85,210.0,1000,5.285
67,0.66,1,0.56,7.85,210.0,1000,5.289
68,0.6,7,1.34,1.3,39.0,1600,5.299
69,0.6,1,0.79,7.85,210.0,1000,5.304
70,0.44,1,0.9,7.85,210.0,1000,5.313
71,0.6,1,0.97,7.85,210.0,1000,5.364
72,0.51,1,0.61,7.85,210.0,1000,5.375
73,0.31,6,1.38,2.75,95.0,3300,5.376
74,0.49,6,1.95,2.75,95.0,3300,5.385
75,0.57,1,0.95,7.85,210.0,1000,5.408
76,0.62,2,0.61,0.91,7.0,550,5.422
77,0.41,6,0.92,2.75,95.0,3300,5.433
78,0.37,6,1.57,2.75,95.0,3300,5.448
79,0.66,1,1.12,7.85,210.0,1000,5.45
80,0.47,6,1.73,2.75,95.0,3300,5.467
81,0.54,3,1.09,0.91,3.5,500,5.482
82,0.39,6,1.58,2.75,95.0,3300,5.484
83,0.54,1,0.99,7.85,210.0,1000,5.484
84,0.6,1,0.77,7.85,210.0,1000,5.488
85,0.66,1,0.64,7.85,210.0,1000,5.503
86,0.32,6,1.39,2.75,95.0,3300,5.506
87,0.39,6,1.29,2.75,95.0,3300,5.521
88,0.35,6,1.15,2.75,95.0,3300,5.528
89,0.58,1,1.46,7.85,210.0,1000,5.53
90,0.46,6,1.31,2.75,95.0,3300,5.557
91,0.66,1,0.62,7.85,210.0,1000,5.566
92,0.44,6,1.39,2.75,95.0,3300,5.574
93,0.65,1,1.22,7.85,210.0,1000,5.578
94,0.64,1,1.11,7.85,210.0,1000,5.581
95,0.63,1,1.18,7.85,210.0,1000,5.613
96,0.33,6,1.49,2.75,95.0,3300,5.614
97,0.63,1,0.96,7.85,210.0,1000,5.638
98,0.3,1,1.54,7.85,210.0,1000,5.639
99,0.42,1,1.28,7.85,210.0,1000,5.649
100,0.53,6,1.56,2.75,95.0,3300,5.672
101,0.65,1,0.62,7.85,210.0,1000,5.677
102,0.66,1,1.22,7.85,210.0,1000,5.687
103,0.66,1,0.67,7.85,210.0,1000,5.691
104,0.66,1,1.28,7.85,210.0,1000,5.693
105,0.52,1,1.44,7.85,210.0,1000,5.697
106,0.59,1,0.94,7.85,210.0,1000,5.747
107,0.29,6,1.85,2.75,95.0,3300,5.751
108,0.63,1,1.2,7.85,210.0,1000,5.761
109,0.61,1,1.37,7.85,210.0,1000,5.766
110,0.66,1,1.37,7.85,210.0,1000,5.767
111,0.29,6,1.74,2.75,95.0,3300,5.785
112,0.4,6,1.75,2.75,95.0,3300,5.787
113,0.61,1,0.29,7.85,210.0,1000,5.814
114,0.56,1,0.53,7.85,210.0,1000,5.829
115,0.48,1,0.64,7.85,210.0,1000,5.869
116,0.38,6,1.63,2.75,95.0,3300,5.891
117,0.44,6,1.53,2.75,95.0,3300,5.898
118,0.4,1,1.16,7.85,210.0,1000,5.902
119,0.53,1,1.0,7.85,210.0,1000,5.929
120,0.64,2,0.45,0.91,7.0,550,5.929
121,0.66,1,0.84,7.85,210.0,1000,5.932
122,0.51,1,1.22,7.85,210.0,1000,5.964
123,0.59,6,1.67,2.75,95.0,3300,5.991
124,0.34,6,1.88,2.75,95.0,3300,6.014
125,0.66,1,1.03,7.85,210.0,1000,6.021
126,0.61,1,0.91,7.85,210.0,1000,6.096
127,0.63,1,0.91,7.85,210.0,1000,6.104
128,0.55,6,1.32,2.75,95.0,3300,6.146
129,0.44,1,1.1,7.85,210.0,1000,6.159
130,0.64,1,0.95,7.85,210.0,1000,6.212
131,0.4,6,1.91,2.75,95.0,3300,6.225
132,0.56,1,0.75,7.85,210.0,1000,6.257
133,0.38,6,1.26,2.75,95.0,3300,6.283
134,0.58,1,1.2,7.85,210.0,1000,6.323
135,0.63,1,1.51,7.85,210.0,1000,6.332
136,0.5,1,1.01,7.85,210.0,1000,6.342
137,0.3,6,1.87,2.75,95.0,3300,6.493
138,0.63,1,1.87,7.85,210.0,1000,6.504
139,0.45,6,1.99,2.75,95.0,3300,6.523
140,0.62,1,0.96,7.85,210.0,1000,6.704
141,0.61,1,1.3,7.85,210.0,1000,6.717
142,0.31,1,1.73,7.85,210.0,1000,6.727
143,0.38,1,1.42,7.85,210.0,1000,6.883
144,0.63,1,1.2,7.85,210.0,1000,6.947
145,0.64,1,1.88,7.85,210.0,1000,7.436
146,0.65,1,0.62,7.85,210.0,1000,5.677
147,0.64,2,0.84,0.91,7.0,550,4.841
148,0.63,1,0.96,7.85,210.0,1000,5.638
149,0.61,1,1.3,7.85,210.0,1000,6.717
150,0.29,6,1.74,2.75,95.0,3300,5.785
151,0.52,7,0.83,1.3,39.0,1600,4.783
152,0.62,2,0.57,0.91,7.0,550,5.258
153,0.38,1,1.42,7.85,210.0,1000,6.883
154,0.53,1,0.97,7.85,210.0,1000,5.027
155,0.41,7,1.02,1.3,39.0,1600,5.137
156,0.6,7,1.34,1.3,39.0,1600,5.299
157,0.5,1,0.58,7.85,210.0,1000,4.917
158,0.29,6,1.38,2.75,95.0,3300,5.02
159,0.62,1,0.81,7.85,210.0,1000,5.142
160,0.63,1,0.72,7.85,210.0,1000,4.911
161,0.29,6,1.85,2.75,95.0,3300,5.751
162,0.66,1,0.64,7.85,210.0,1000,5.503
163,0.46,6,1.79,2.75,95.0,3300,5.277
164,0.4,6,1.91,2.75,95.0,3300,6.225
165,0.37,6,1.57,2.75,95.0,3300,5.448
166,0.38,6,1.84,2.75,95.0,3300,4.834
167,0.61,1,0.29,7.85,210.0,1000,5.814
168,0.38,6,1.84,2.75,95.0,3300,4.834
169,0.66,1,0.56,7.85,210.0,1000,5.289
170,0.66,1,0.62,7.85,210.0,1000,5.566
171,0.66,2,0.56,0.91,7.0,550,5.142
172,0.61,1,1.37,7.85,210.0,1000,5.766
173,0.62,1,0.64,7.85,210.0,1000,5.192
174,0.33,6,1.49,2.75,95.0,3300,4.918
175,0.43,6,1.34,2.75,95.0,3300,5.071
176,0.4,6,1.75,2.75,95.0,3300,5.787
177,0.44,1,0.9,7.85,210.0,1000,5.313
178,0.29,6,1.85,2.75,95.0,3300,5.751
179,0.66,1,1.03,7.85,210.0,1000,6.021
180,0.4,1,1.16,7.85,210.0,1000,5.902
181,0.5,2,0.88,0.91,7.0,550,5.026
182,0.46,1,0.54,7.85,210.0,1000,4.933
183,0.63,1,1.2,7.85,210.0,1000,6.947
184,0.33,6,1.49,2.75,95.0,3300,5.614
185,0.61,1,1.3,7.85,210.0,1000,6.717
186,0.39,6,1.58,2.75,95.0,3300,5.484
187,0.39,6,1.58,2.75,95.0,3300,5.484
188,0.54,1,0.99,7.85,210.0,1000,5.484
189,0.62,1,0.64,7.85,210.0,1000,5.192
190,0.62,6,1.25,2.75,95.0,3300,4.853
191,0.39,6,1.58,2.75,95.0,3300,5.484
192,0.42,1,1.28,7.85,210.0,1000,5.649
193,0.41,6,0.92,2.75,95.0,3300,5.433
194,0.66,1,0.67,7.85,210.0,1000,5.691
195,0.66,2,0.81,0.91,7.0,550,4.898
196,0.66,2,0.56,0.91,7.0,550,5.142
197,0.37,1,0.92,7.85,210.0,1000,4.929
198,0.66,2,0.45,0.91,7.0,550,4.977
199,0.66,1,1.61,7.85,210.0,1000,4.944
200,0.6,1,0.77,7.85,210.0,1000,5.488
201,0.66,1,1.61,7.85,210.0,1000,4.944
202,0.65,1,0.83,7.85,210.0,1000,5.074
203,0.39,6,1.29,2.75,95.0,3300,5.521
204,0.53,1,1.0,7.85,210.0,1000,5.929
205,0.55,6,1.32,2.75,95.0,3300,6.146
206,0.61,2,0.35,0.91,7.0,550,4.924
207,0.66,1,1.61,7.85,210.0,1000,4.944
208,0.66,1,0.46,7.85,210.0,1000,4.967
209,0.58,2,0.76,0.91,7.0,550,4.886
210,0.29,6,1.74,2.75,95.0,3300,5.785
211,0.37,6,1.63,2.75,95.0,3300,5.005
212,0.33,6,1.32,2.75,95.0,3300,4.947
213,0.63,1,1.51,7.85,210.0,1000,6.332
214,0.54,2,0.34,0.91,7.0,550,4.972
215,0.33,6,1.31,2.75,95.0,3300,4.978
216,0.54,2,0.34,0.91,7.0,550,4.972
217,0.41,6,1.89,2.75,95.0,3300,4.895
218,0.44,6,1.39,2.75,95.0,3300,5.574
219,0.36,6,1.77,2.75,95.0,3300,5.081
220,0.4,1,1.16,7.85,210.0,1000,5.902
221,0.6,7,1.34,1.3,39.0,1600,5.299
222,0.44,6,1.39,2.75,95.0,3300,5.574
223,0.63,1,1.51,7.85,210.0,1000,6.332
224,0.4,6,1.75,2.75,95.0,3300,5.787
225,0.45,6,1.99,2.75,95.0,3300,6.523
226,0.66,1,0.67,7.85,210.0,1000,5.691
227,0.63,1,0.65,7.85,210.0,1000,5.0
228,0.66,1,0.97,7.85,210.0,1000,5.095
229,0.66,1,0.46,7.85,210.0,1000,4.967
230,0.48,1,0.64,7.85,210.0,1000,5.869
231,0.3,6,1.87,2.75,95.0,3300,6.493
232,0.66,1,1.28,7.85,210.0,1000,5.693
233,0.64,2,0.84,0.91,7.0,550,4.841
234,0.63,1,0.91,7.85,210.0,1000,6.104
235,0.62,2,0.61,0.91,7.0,550,5.422
236,0.65,1,0.62,7.85,210.0,1000,5.677
237,0.43,6,1.34,2.75,95.0,3300,5.071
238,0.34,5,0.99,1.34,2.0,450,4.992
239,0.63,1,0.96,7.85,210.0,1000,5.638
240,0.59,6,1.67,2.75,95.0,3300,5.991
241,0.38,6,1.84,2.75,95.0,3300,4.834
242,0.39,6,1.58,2.75,95.0,3300,5.484
243,0.37,7,1.27,1.3,39.0,1600,4.924
244,0.62,1,0.96,7.85,210.0,1000,6.704
245,0.59,6,1.67,2.75,95.0,3300,5.991
246,0.64,1,1.11,7.85,210.0,1000,5.581
247,0.57,3,0.6,0.91,3.5,500,4.879
248,0.6,7,1.34,1.3,39.0,1600,5.299
249,0.49,6,1.95,2.75,95.0,3300,5.385
250,0.62,1,0.87,7.85,210.0,1000,5.05
251,0.38,1,1.42,7.85,210.0,1000,6.883
252,0.29,6,1.74,2.75,95.0,3300,5.785
253,0.33,6,1.31,2.75,95.0,3300,4.978
254,0.5,1,1.01,7.85,210.0,1000,6.342
255,0.62,1,0.96,7.85,210.0,1000,6.704
256,0.3,6,1.68,2.75,95.0,3300,5.277
257,0.32,6,1.39,2.75,95.0,3300,5.506
258,0.32,6,2.0,2.75,95.0,3300,5.269
259,0.64,1,1.88,7.85,210.0,1000,7.436
260,0.61,1,1.37,7.85,210.0,1000,5.766
261,0.62,1,0.64,7.85,210.0,1000,5.192
262,0.61,6,1.59,2.75,95.0,3300,4.84
263,0.37,1,0.92,7.85,210.0,1000,4.929
264,0.62,1,1.05,7.85,210.0,1000,4.945
265,0.64,2,0.45,0.91,7.0,550,5.929
266,0.64,1,0.95,7.85,210.0,1000,6.212
267,0.66,1,0.97,7.85,210.0,1000,5.095
268,0.3,6,1.68,2.75,95.0,3300,5.277
269,0.64,1,1.11,7.85,210.0,1000,5.581
270,0.51,1,0.61,7.85,210.0,1000,5.375
271,0.46,6,1.31,2.75,95.0,3300,5.557
272,0.48,1,0.64,7.85,210.0,1000,5.869
273,0.65,1,1.22,7.85,210.0,1000,5.578
274,0.62,2,0.61,0.91,7.0,550,5.422
275,0.61,2,0.35,0.91,7.0,550,4.924
276,0.66,1,0.56,7.85,210.0,1000,5.289
277,0.59,6,1.67,2.75,95.0,3300,5.991
278,0.6,2,0.46,0.91,7.0,550,4.878
279,0.6,1,0.77,7.85,210.0,1000,5.488
280,0.46,6,1.31,2.75,95.0,3300,5.557
281,0.33,6,1.31,2.75,95.0,3300,4.978
282,0.34,6,1.88,2.75,95.0,3300,6.014
283,0.57,3,0.6,0.91,3.5,500,4.879
284,0.55,6,1.32,2.75,95.0,3300,6.146
285,0.61,1,0.91,7.85,210.0,1000,6.096
286,0.57,3,0.6,0.91,3.5,500,4.879
287,0.64,2,0.45,0.91,7.0,550,5.929
288,0.31,6,1.52,2.75,95.0,3300,5.118
289,0.62,2,0.57,0.91,7.0,550,5.258
290,0.51,1,1.22,7.85,210.0,1000,5.964
291,0.62,2,0.57,0.91,7.0,550,5.258
292,0.66,1,0.67,7.85,210.0,1000,5.691
293,0.32,6,2.0,2.75,95.0,3300,5.269
294,0.57,1,0.46,7.85,210.0,1000,5.285
295,0.5,1,0.87,7.85,210.0,1000,4.801
296,0.52,6,0.91,2.75,95.0,3300,4.993
297,0.5,2,0.88,0.91,7.0,550,5.026
298,0.5,1,0.87,7.85,210.0,1000,4.801
299,0.38,6,1.84,2.75,95.0,3300,4.834
300,0.29,6,1.38,2.75,95.0,3300,5.02
301,0.3,7,1.31,1.3,39.0,1600,4.863
302,0.52,7,0.83,1.3,39.0,1600,4.783
303,0.64,1,1.88,7.85,210.0,1000,7.436
304,0.29,6,1.85,2.75,95.0,3300,5.751
305,0.58,1,1.2,7.85,210.0,1000,6.323
306,0.53,1,0.97,7.85,210.0,1000,5.027
307,0.63,1,1.87,7.85,210.0,1000,6.504
308,0.61,1,0.91,7.85,210.0,1000,6.096
309,0.58,1,1.2,7.85,210.0,1000,6.323
310,0.6,1,0.97,7.85,210.0,1000,5.364
311,0.58,2,0.76,0.91,7.0,550,4.886
312,0.66,1,0.46,7.85,210.0,1000,4.967
313,0.62,6,1.25,2.75,95.0,3300,4.853
314,0.31,6,1.52,2.75,95.0,3300,5.118
315,0.56,1,0.75,7.85,210.0,1000,6.257
316,0.66,1,1.61,7.85,210.0,1000,4.944
317,0.53,6,1.56,2.75,95.0,3300,5.672
318,0.66,1,0.64,7.85,210.0,1000,5.503
319,0.61,6,1.59,2.75,95.0,3300,4.84
320,0.54,3,1.09,0.91,3.5,500,5.482
321,0.62,6,1.25,2.75,95.0,3300,4.853
322,0.39,6,1.58,2.75,95.0,3300,5.484
323,0.66,2,0.56,0.91,7.0,550,5.142
324,0.44,6,1.53,2.75,95.0,3300,5.898
325,0.54,1,0.99,7.85,210.0,1000,5.484
326,0.32,6,2.0,2.75,95.0,3300,5.269
327,0.66,1,1.37,7.85,210.0,1000,5.767
328,0.5,1,0.58,7.85,210.0,1000,4.917
329,0.31,6,1.38,2.75,95.0,3300,5.376
330,0.5,2,0.88,0.91,7.0,550,5.026
331,0.41,9,1.15,1.14,3.15,550,5.138
332,0.61,1,0.91,7.85,210.0,1000,6.096
333,0.62,1,1.05,7.85,210.0,1000,4.945
334,0.53,6,1.56,2.75,95.0,3300,5.672
335,0.64,1,1.11,7.85,210.0,1000,5.581
336,0.64,1,0.95,7.85,210.0,1000,6.212
337,0.63,1,0.96,7.85,210.0,1000,5.638
338,0.5,6,1.66,2.75,95.0,3300,4.862
339,0.61,1,0.91,7.85,210.0,1000,6.096
340,0.29,6,1.74,2.75,95.0,3300,5.785
341,0.37,1,0.92,7.85,210.0,1000,4.929
342,0.38,6,1.84,2.75,95.0,3300,4.834
343,0.37,1,0.92,7.85,210.0,1000,4.929
344,0.59,6,1.67,2.75,95.0,3300,5.991
345,0.41,7,1.7,1.3,39.0,1600,4.841
346,0.57,3,0.6,0.91,3.5,500,4.879
347,0.66,2,0.56,0.91,7.0,550,5.142
348,0.61,2,0.35,0.91,7.0,550,4.924
349,0.29,6,1.85,2.75,95.0,3300,5.751
350,0.43,6,1.34,2.75,95.0,3300,5.071
351,0.3,1,1.54,7.85,210.0,1000,5.639
352,0.64,1,0.95,7.85,210.0,1000,6.212
353,0.63,1,0.72,7.85,210.0,1000,4.911
354,0.37,1,0.92,7.85,210.0,1000,4.929
355,0.5,6,1.66,2.75,95.0,3300,4.862
356,0.29,6,1.85,2.75,95.0,3300,5.751
357,0.33,2,0.49,0.91,7.0,550,5.196
358,0.62,1,0.96,7.85,210.0,1000,6.704
359,0.44,1,0.91,7.85,210.0,1000,4.993
360,0.66,1,0.56,7.85,210.0,1000,5.289
361,0.63,1,0.72,7.85,210.0,1000,4.911
362,0.46,1,0.54,7.85,210.0,1000,4.933
363,0.3,6,1.87,2.75,95.0,3300,6.493
364,0.36,6,1.77,2.75,95.0,3300,5.081
365,0.33,6,1.32,2.75,95.0,3300,4.947
366,0.56,1,0.75,7.85,210.0,1000,6.257
367,0.4,6,1.75,2.75,95.0,3300,5.787
368,0.56,1,0.53,7.85,210.0,1000,5.829
369,0.65,1,1.22,7.85,210.0,1000,5.578
370,0.33,2,0.49,0.91,7.0,550,5.196
371,0.32,6,1.61,2.75,95.0,3300,4.994
372,0.66,2,0.45,0.91,7.0,550,4.977
373,0.61,1,0.29,7.85,210.0,1000,5.814
374,0.56,1,0.75,7.85,210.0,1000,6.257
375,0.44,1,1.1,7.85,210.0,1000,6.159
376,0.3,6,1.68,2.75,95.0,3300,5.277
377,0.66,1,1.12,7.85,210.0,1000,5.45
378,0.52,6,0.91,2.75,95.0,3300,4.993
379,0.63,3,0.66,0.91,3.5,500,4.816
380,0.4,6,1.91,2.75,95.0,3300,6.225
381,0.66,2,0.56,0.91,7.0,550,5.142
382,0.66,1,0.62,7.85,210.0,1000,5.566
383,0.66,1,0.58,7.85,210.0,1000,4.996
384,0.35,6,1.15,2.75,95.0,3300,5.528
385,0.66,2,0.45,0.91,7.0,550,4.977
386,0.39,6,1.58,2.75,95.0,3300,5.484
387,0.63,3,0.66,0.91,3.5,500,4.816
388,0.46,6,1.79,2.75,95.0,3300,5.277
389,0.66,2,0.81,0.91,7.0,550,4.898
390,0.38,6,1.84,2.75,95.0,3300,4.834
391,0.37,7,1.27,1.3,39.0,1600,4.924
392,0.61,1,1.37,7.85,210.0,1000,5.766
393,0.3,1,1.54,7.85,210.0,1000,5.639
394,0.34,6,1.88,2.75,95.0,3300,6.014
395,0.62,1,0.96,7.85,210.0,1000,6.704
396,0.66,1,1.03,7.85,210.0,1000,6.021
397,0.34,5,0.99,1.34,2.0,450,4.992
398,0.63,1,1.18,7.85,210.0,1000,5.613
399,0.59,6,1.67,2.75,95.0,3300,5.991
400,0.52,1,1.44,7.85,210.0,1000,5.697
401,0.66,1,1.22,7.85,210.0,1000,5.687
402,0.4,6,1.75,2.75,95.0,3300,5.787
403,0.66,1,0.46,7.85,210.0,1000,4.967
404,0.52,1,1.44,7.85,210.0,1000,5.697
405,0.63,1,1.18,7.85,210.0,1000,5.613
406,0.33,6,1.31,2.75,95.0,3300,4.978
407,0.32,6,2.0,2.75,95.0,3300,5.269
408,0.33,2,0.49,0.91,7.0,550,5.196
409,0.31,1,1.73,7.85,210.0,1000,6.727
410,0.66,1,1.61,7.85,210.0,1000,4.944
411,0.66,1,0.64,7.85,210.0,1000,5.503
412,0.32,6,2.0,2.75,95.0,3300,5.269
413,0.58,1,1.2,7.85,210.0,1000,6.323
414,0.65,1,0.62,7.85,210.0,1000,5.677
415,0.55,6,1.32,2.75,95.0,3300,6.146
416,0.35,6,1.15,2.75,95.0,3300,5.528
417,0.66,1,0.62,7.85,210.0,1000,5.566
418,0.57,1,0.46,7.85,210.0,1000,5.285
419,0.37,7,1.27,1.3,39.0,1600,4.924
420,0.61,1,0.91,7.85,210.0,1000,6.096
421,0.65,1,0.62,7.85,210.0,1000,5.677
422,0.66,2,0.45,0.91,7.0,550,4.977
423,0.66,2,0.45,0.91,7.0,550,4.977
424,0.51,1,1.22,7.85,210.0,1000,5.964
425,0.34,6,1.88,2.75,95.0,3300,6.014
426,0.62,1,0.64,7.85,210.0,1000,5.192
427,0.29,6,1.74,2.75,95.0,3300,5.785
428,0.51,1,0.61,7.85,210.0,1000,5.375
429,0.6,1,0.77,7.85,210.0,1000,5.488
430,0.66,1,0.67,7.85,210.0,1000,5.691
431,0.61,1,0.91,7.85,210.0,1000,6.096
432,0.44,6,1.53,2.75,95.0,3300,5.898
433,0.62,8,0.55,0.98,5.0,570,5.098
434,0.62,2,0.61,0.91,7.0,550,5.422
435,0.64,1,1.88,7.85,210.0,1000,7.436
436,0.41,7,1.7,1.3,39.0,1600,4.841
437,0.44,1,0.9,7.85,210.0,1000,5.313
438,0.62,8,0.55,0.98,5.0,570,5.098
439,0.62,1,0.96,7.85,210.0,1000,6.704
440,0.62,2,0.57,0.91,7.0,550,5.258
441,0.3,2,0.47,0.91,7.0,550,5.047
442,0.3,6,1.68,2.75,95.0,3300,5.277
443,0.29,6,1.38,2.75,95.0,3300,5.02
444,0.65,1,1.22,7.85,210.0,1000,5.578
445,0.45,6,1.99,2.75,95.0,3300,6.523
446,0.5,1,0.6,7.85,210.0,1000,5.254
447,0.63,1,1.2,7.85,210.0,1000,5.761
448,0.62,2,0.57,0.91,7.0,550,5.258
449,0.64,1,1.88,7.85,210.0,1000,7.436
450,0.38,1,1.42,7.85,210.0,1000,6.883
451,0.32,6,2.0,2.75,95.0,3300,5.269
452,0.44,6,1.39,2.75,95.0,3300,5.574
453,0.3,6,1.87,2.75,95.0,3300,6.493
454,0.54,1,1.09,7.85,210.0,1000,5.04
455,0.44,1,0.9,7.85,210.0,1000,5.313
456,0.54,3,1.09,0.91,3.5,500,5.482
457,0.51,1,0.61,7.85,210.0,1000,5.375
458,0.29,6,1.85,2.75,95.0,3300,5.751
459,0.38,1,1.42,7.85,210.0,1000,6.883
460,0.63,1,1.18,7.85,210.0,1000,5.613
461,0.32,6,1.43,2.75,95.0,3300,5.201
462,0.38,6,1.84,2.75,95.0,3300,4.834
463,0.61,1,0.91,7.85,210.0,1000,6.096
464,0.33,6,1.49,2.75,95.0,3300,5.614
465,0.44,1,0.91,7.85,210.0,1000,4.993
466,0.32,6,1.39,2.75,95.0,3300,5.506
467,0.4,6,1.75,2.75,95.0,3300,5.787
468,0.29,6,1.85,2.75,95.0,3300,5.751
469,0.54,3,1.09,0.91,3.5,500,5.482
470,0.3,6,1.71,2.75,95.0,3300,5.251
471,0.44,1,1.1,7.85,210.0,1000,6.159
472,0.47,6,1.73,2.75,95.0,3300,5.467
473,0.6,1,0.77,7.85,210.0,1000,5.488
474,0.44,1,0.9,7.85,210.0,1000,5.313
475,0.53,6,1.56,2.75,95.0,3300,5.672
476,0.29,6,1.74,2.75,95.0,3300,5.785
477,0.32,6,1.61,2.75,95.0,3300,4.994
478,0.46,6,1.31,2.75,95.0,3300,5.557
479,0.56,1,0.7,7.85,210.0,1000,4.933
480,0.52,1,1.44,7.85,210.0,1000,5.697
481,0.63,1,1.51,7.85,210.0,1000,6.332
482,0.66,1,0.62,7.85,210.0,1000,5.566
483,0.5,1,1.01,7.85,210.0,1000,6.342
484,0.52,1,1.44,7.85,210.0,1000,5.697
485,0.6,1,0.97,7.85,210.0,1000,5.364
486,0.61,1,1.3,7.85,210.0,1000,6.717
487,0.61,1,0.29,7.85,210.0,1000,5.814
488,0.4,6,1.91,2.75,95.0,3300,6.225
489,0.64,2,0.84,0.91,7.0,550,4.841
490,0.44,1,0.91,7.85,210.0,1000,4.993
491,0.5,2,0.88,0.91,7.0,550,5.026
492,0.6,1,0.97,7.85,210.0,1000,5.364
493,0.45,6,1.99,2.75,95.0,3300,6.523
494,0.3,6,1.87,2.75,95.0,3300,6.493
495,0.66,1,1.28,7.85,210.0,1000,5.693
496,0.59,6,1.67,2.75,95.0,3300,5.991
497,0.51,1,0.61,7.85,210.0,1000,5.375
498,0.63,1,0.91,7.85,210.0,1000,6.104
499,0.66,1,0.46,7.85,210.0,1000,4.967
500,0.66,1,0.58,7.85,210.0,1000,4.996
501,0.57,1,0.46,7.85,210.0,1000,5.285
502,0.44,1,0.9,7.85,210.0,1000,5.313
503,0.3,6,1.87,2.75,95.0,3300,6.493
504,0.63,1,1.51,7.85,210.0,1000,6.332
505,0.32,6,1.39,2.75,95.0,3300,5.506
506,0.63,3,0.66,0.91,3.5,500,4.816
507,0.38,6,1.26,2.75,95.0,3300,6.283
508,0.53,6,1.56,2.75,95.0,3300,5.672
509,0.58,1,1.2,7.85,210.0,1000,6.323
510,0.52,2,0.58,0.91,7.0,550,5.115
511,0.54,2,0.34,0.91,7.0,550,4.972
512,0.61,6,1.59,2.75,95.0,3300,4.84
513,0.66,1,0.64,7.85,210.0,1000,5.503
514,0.57,1,0.46,7.85,210.0,1000,5.285
515,0.62,1,0.96,7.85,210.0,1000,6.704
516,0.62,2,0.57,0.91,7.0,550,5.258
517,0.47,6,1.73,2.75,95.0,3300,5.467
518,0.36,6,1.77,2.75,95.0,3300,5.081
519,0.29,6,1.38,2.75,95.0,3300,5.02
520,0.62,8,0.55,0.98,5.0,570,5.098
521,0.62,1,0.81,7.85,210.0,1000,5.142
522,0.52,7,0.83,1.3,39.0,1600,4.783
523,0.49,6,1.95,2.75,95.0,3300,5.385
524,0.54,1,1.09,7.85,210.0,1000,5.04
525,0.56,1,0.53,7.85,210.0,1000,5.829
526,0.66,2,0.81,0.91,7.0,550,4.898
527,0.63,1,0.72,7.85,210.0,1000,4.911
528,0.38,1,1.42,7.85,210.0,1000,6.883
529,0.5,1,0.58,7.85,210.0,1000,4.917
530,0.33,6,1.49,2.75,95.0,3300,4.918
531,0.37,6,1.63,2.75,95.0,3300,5.005
532,0.46,1,0.54,7.85,210.0,1000,4.933
533,0.66,1,0.64,7.85,210.0,1000,5.503
534,0.66,1,0.46,7.85,210.0,1000,4.967
535,0.54,3,1.09,0.91,3.5,500,5.482
536,0.51,1,0.61,7.85,210.0,1000,5.375
537,0.36,6,1.77,2.75,95.0,3300,5.081
538,0.58,2,0.76,0.91,7.0,550,4.886
539,0.66,2,0.56,0.91,7.0,550,5.142
540,0.66,2,0.81,0.91,7.0,550,4.898
541,0.54,1,0.99,7.85,210.0,1000,5.484
542,0.31,1,1.73,7.85,210.0,1000,6.727
543,0.32,6,2.0,2.75,95.0,3300,5.269
544,0.62,6,1.25,2.75,95.0,3300,4.853
545,0.53,6,1.56,2.75,95.0,3300,5.672
546,0.63,1,0.91,7.85,210.0,1000,6.104
547,0.63,1,1.2,7.85,210.0,1000,5.761
548,0.62,1,0.81,7.85,210.0,1000,5.142
549,0.64,2,0.45,0.91,7.0,550,5.929
550,0.64,1,1.11,7.85,210.0,1000,5.581
551,0.6,1,0.77,7.85,210.0,1000,5.488
552,0.53,6,1.56,2.75,95.0,3300,5.672
553,0.39,6,1.58,2.75,95.0,3300,5.484
554,0.6,1,0.97,7.85,210.0,1000,5.364
555,0.35,6,1.15,2.75,95.0,3300,5.528
556,0.29,6,1.74,2.75,95.0,3300,5.785
557,0.63,1,0.96,7.85,210.0,1000,5.638
558,0.62,1,0.96,7.85,210.0,1000,6.704
559,0.62,6,1.25,2.75,95.0,3300,4.853
560,0.63,1,1.51,7.85,210.0,1000,6.332
561,0.6,1,0.77,7.85,210.0,1000,5.488
562,0.63,1,0.72,7.85,210.0,1000,4.911
563,0.63,1,0.91,7.85,210.0,1000,6.104
564,0.66,1,1.28,7.85,210.0,1000,5.693
565,0.3,2,0.47,0.91,7.0,550,5.047
566,0.66,1,0.64,7.85,210.0,1000,5.503
567,0.53,1,1.0,7.85,210.0,1000,5.929
568,0.58,1,1.2,7.85,210.0,1000,6.323
569,0.61,1,1.37,7.85,210.0,1000,5.766
570,0.54,1,0.99,7.85,210.0,1000,5.484
571,0.62,1,0.96,7.85,210.0,1000,6.704
572,0.52,1,1.44,7.85,210.0,1000,5.697
573,0.29,6,1.38,2.75,95.0,3300,5.02
574,0.3,6,1.68,2.75,95.0,3300,5.277
575,0.5,1,1.01,7.85,210.0,1000,6.342
576,0.38,6,1.26,2.75,95.0,3300,6.283
577,0.66,1,0.64,7.85,210.0,1000,5.503
578,0.52,2,0.58,0.91,7.0,550,5.115
579,0.37,6,1.63,2.75,95.0,3300,5.005
580,0.58,1,1.2,7.85,210.0,1000,6.323
581,0.5,6,1.66,2.75,95.0,3300,4.862
582,0.59,6,1.67,2.75,95.0,3300,5.991
583,0.31,6,1.52,2.75,95.0,3300,5.118
584,0.61,6,1.59,2.75,95.0,3300,4.84
585,0.39,6,1.29,2.75,95.0,3300,5.521
586,0.58,1,1.46,7.85,210.0,1000,5.53
587,0.6,1,0.97,7.85,210.0,1000,5.364
588,0.36,6,1.77,2.75,95.0,3300,5.081
589,0.53,6,1.56,2.75,95.0,3300,5.672
590,0.66,1,0.84,7.85,210.0,1000,5.932
591,0.63,1,1.18,7.85,210.0,1000,5.613
592,0.38,6,1.63,2.75,95.0,3300,5.891
593,0.4,6,1.91,2.75,95.0,3300,6.225
594,0.33,2,0.49,0.91,7.0,550,5.196
595,0.52,2,0.58,0.91,7.0,550,5.115
596,0.3,7,1.31,1.3,39.0,1600,4.863
597,0.51,1,0.61,7.85,210.0,1000,5.375
598,0.57,1,0.95,7.85,210.0,1000,5.408
599,0.63,1,1.2,7.85,210.0,1000,6.947
600,0.66,1,1.22,7.85,210.0,1000,5.687
601,0.44,6,1.39,2.75,95.0,3300,5.574
602,0.61,1,0.91,7.85,210.0,1000,6.096
603,0.39,6,1.29,2.75,95.0,3300,5.521
604,0.31,6,1.38,2.75,95.0,3300,5.376
605,0.5,1,1.01,7.85,210.0,1000,6.342
606,0.62,6,1.25,2.75,95.0,3300,4.853
607,0.42,1,1.28,7.85,210.0,1000,5.649
608,0.59,6,1.67,2.75,95.0,3300,5.991
609,0.64,1,1.11,7.85,210.0,1000,5.581
610,0.41,7,1.7,1.3,39.0,1600,4.841
611,0.41,9,1.15,1.14,3.15,550,5.138
612,0.4,6,1.75,2.75,95.0,3300,5.787
613,0.46,6,1.31,2.75,95.0,3300,5.557
614,0.37,1,0.92,7.85,210.0,1000,4.929
615,0.66,1,1.37,7.85,210.0,1000,5.767
616,0.49,6,1.95,2.75,95.0,3300,5.385
617,0.64,2,0.84,0.91,7.0,550,4.841
618,0.54,1,1.09,7.85,210.0,1000,5.04
619,0.52,7,0.83,1.3,39.0,1600,4.783
620,0.46,6,1.79,2.75,95.0,3300,5.277
621,0.52,7,0.83,1.3,39.0,1600,4.783
622,0.56,1,0.7,7.85,210.0,1000,4.933
623,0.48,1,0.64,7.85,210.0,1000,5.869
624,0.66,1,0.64,7.85,210.0,1000,5.503
625,0.64,2,0.45,0.91,7.0,550,5.929
626,0.6,1,0.77,7.85,210.0,1000,5.488
627,0.65,1,0.83,7.85,210.0,1000,5.074
628,0.38,6,1.84,2.75,95.0,3300,4.834
629,0.35,6,1.15,2.75,95.0,3300,5.528
630,0.4,7,1.34,1.3,39.0,1600,4.818
631,0.57,3,0.6,0.91,3.5,500,4.879
632,0.53,6,1.56,2.75,95.0,3300,5.672
633,0.62,1,0.64,7.85,210.0,1000,5.192
634,0.61,1,0.91,7.85,210.0,1000,6.096
635,0.63,1,1.18,7.85,210.0,1000,5.613
636,0.63,1,1.87,7.85,210.0,1000,6.504
637,0.64,2,0.45,0.91,7.0,550,5.929
638,0.4,7,1.34,1.3,39.0,1600,4.818
639,0.54,1,0.99,7.85,210.0,1000,5.484
640,0.4,1,1.16,7.85,210.0,1000,5.902
641,0.44,6,1.39,2.75,95.0,3300,5.574
642,0.66,1,1.03,7.85,210.0,1000,6.021
643,0.59,6,1.67,2.75,95.0,3300,5.991
644,0.38,6,1.84,2.75,95.0,3300,4.834
645,0.41,6,0.92,2.75,95.0,3300,5.433
646,0.33,6,1.31,2.75,95.0,3300,4.978
647,0.56,1,0.75,7.85,210.0,1000,6.257
648,0.64,1,0.95,7.85,210.0,1000,6.212
649,0.41,9,1.15,1.14,3.15,550,5.138
650,0.34,6,1.88,2.75,95.0,3300,6.014
651,0.33,6,1.49,2.75,95.0,3300,4.918
652,0.44,1,0.9,7.85,210.0,1000,5.313
653,0.66,1,0.56,7.85,210.0,1000,5.289
654,0.3,7,1.31,1.3,39.0,1600,4.863
655,0.53,6,1.56,2.75,95.0,3300,5.672
656,0.37,6,1.63,2.75,95.0,3300,5.005
657,0.63,1,0.65,7.85,210.0,1000,5.0
658,0.44,1,1.1,7.85,210.0,1000,6.159
659,0.66,1,1.37,7.85,210.0,1000,5.767
660,0.39,6,1.29,2.75,95.0,3300,5.521
661,0.51,1,0.61,7.85,210.0,1000,5.375
662,0.3,2,0.47,0.91,7.0,550,5.047
663,0.63,1,0.72,7.85,210.0,1000,4.911
664,0.58,1,1.46,7.85,210.0,1000,5.53
665,0.48,1,0.64,7.85,210.0,1000,5.869
666,0.3,1,1.54,7.85,210.0,1000,5.639
667,0.3,2,0.47,0.91,7.0,550,5.047
668,0.3,6,1.68,2.75,95.0,3300,5.277
669,0.3,6,1.68,2.75,95.0,3300,5.277
670,0.41,6,0.92,2.75,95.0,3300,5.433
671,0.57,1,0.95,7.85,210.0,1000,5.408
672,0.59,6,1.67,2.75,95.0,3300,5.991
673,0.3,6,1.87,2.75,95.0,3300,6.493
674,0.66,1,0.67,7.85,210.0,1000,5.691
675,0.5,1,1.01,7.85,210.0,1000,6.342
676,0.47,6,1.73,2.75,95.0,3300,5.467
677,0.48,1,0.64,7.85,210.0,1000,5.869
678,0.63,1,0.91,7.85,210.0,1000,6.104
679,0.33,6,1.49,2.75,95.0,3300,4.918
680,0.4,6,1.91,2.75,95.0,3300,6.225
681,0.55,2,0.71,0.91,7.0,550,5.225
682,0.29,6,1.74,2.75,95.0,3300,5.785
683,0.61,1,0.91,7.85,210.0,1000,6.096
684,0.51,1,0.61,7.85,210.0,1000,5.375
685,0.32,6,2.0,2.75,95.0,3300,5.269
686,0.66,1,0.97,7.85,210.0,1000,5.095
687,0.29,6,1.74,2.75,95.0,3300,5.785
688,0.62,1,0.96,7.85,210.0,1000,6.704
689,0.54,2,0.34,0.91,7.0,550,4.972
690,0.66,1,0.46,7.85,210.0,1000,4.967
691,0.3,7,1.31,1.3,39.0,1600,4.863
692,0.58,1,1.46,7.85,210.0,1000,5.53
693,0.62,1,0.96,7.85,210.0,1000,6.704
694,0.44,1,0.91,7.85,210.0,1000,4.993
695,0.5,2,0.88,0.91,7.0,550,5.026
696,0.61,1,0.91,7.85,210.0,1000,6.096
697,0.47,6,1.73,2.75,95.0,3300,5.467
698,0.29,6,1.74,2.75,95.0,3300,5.785
699,0.6,0,0.0,0.0,0.0,0,0.054
700,0.57,0,0.0,0.0,0.0,0,0.091
701,0.42,0,0.0,0.0,0.0,0,0.117
702,0.66,0,0.0,0.0,0.0,0,0.13
703,0.61,0,0.0,0.0,0.0,0,0.131
704,0.52,0,0.0,0.0,0.0,0,0.142
705,0.56,0,0.0,0.0,0.0,0,0.163
706,0.65,0,0.0,0.0,0.0,0,0.167
707,0.65,0,0.0,0.0,0.0,0,0.173
708,0.59,0,0.0,0.0,0.0,0,0.177
709,0.31,0,0.0,0.0,0.0,0,0.189
710,0.37,0,0.0,0.0,0.0,0,0.226
711,0.65,0,0.0,0.0,0.0,0,0.233
712,0.63,0,0.0,0.0,0.0,0,0.245
713,0.57,0,0.0,0.0,0.0,0,0.25
714,0.54,0,0.0,0.0,0.0,0,0.265
715,0.37,0,0.0,0.0,0.0,0,0.279
716,0.48,0,0.0,0.0,0.0,0,0.281
717,0.42,0,0.0,0.0,0.0,0,0.282
718,0.33,0,0.0,0.0,0.0,0,0.287
719,0.44,0,0.0,0.0,0.0,0,0.291
720,0.66,0,0.0,0.0,0.0,0,0.291
721,0.66,0,0.0,0.0,0.0,0,0.301
722,0.51,0,0.0,0.0,0.0,0,0.304
723,0.63,0,0.0,0.0,0.0,0,0.309
724,0.47,0,0.0,0.0,0.0,0,0.31
725,0.43,0,0.0,0.0,0.0,0,0.327
726,0.65,13,1.34,1.4,8.0,700,0.346
727,0.66,13,0.49,1.4,8.0,700,0.349
728,0.38,0,0.0,0.0,0.0,0,0.36
729,0.59,0,0.0,0.0,0.0,0,0.363
730,0.61,0,0.0,0.0,0.0,0,0.371
731,0.61,0,0.0,0.0,0.0,0,0.371
732,0.66,13,0.71,1.4,8.0,700,0.373
733,0.44,0,0.0,0.0,0.0,0,0.377
734,0.34,0,0.0,0.0,0.0,0,0.378
735,0.54,0,0.0,0.0,0.0,0,0.38
736,0.58,0,0.0,0.0,0.0,0,0.382
737,0.42,0,0.0,0.0,0.0,0,0.383
738,0.4,0,0.0,0.0,0.0,0,0.391
739,0.35,0,0.0,0.0,0.0,0,0.392
740,0.63,0,0.0,0.0,0.0,0,0.396
741,0.43,0,0.0,0.0,0.0,0,0.397
742,0.55,0,0.0,0.0,0.0,0,0.4
743,0.5,0,0.0,0.0,0.0,0,0.411
744,0.58,0,0.0,0.0,0.0,0,0.429
745,0.66,13,1.23,1.4,8.0,700,0.43
746,0.57,0,0.0,0.0,0.0,0,0.434
747,0.65,0,0.0,0.0,0.0,0,0.451
748,0.46,0,0.0,0.0,0.0,0,0.457
749,0.4,13,1.5,1.4,8.0,700,0.458
750,0.64,13,1.7,1.4,8.0,700,0.486
751,0.66,13,0.81,1.4,8.0,700,0.49
752,0.53,0,0.0,0.0,0.0,0,0.491
753,0.65,0,0.0,0.0,0.0,0,0.492
754,0.48,0,0.0,0.0,0.0,0,0.494
755,0.36,0,0.0,0.0,0.0,0,0.521
756,0.45,0,0.0,0.0,0.0,0,0.532
757,0.66,13,0.67,1.4,8.0,700,0.532
758,0.65,13,1.42,1.4,8.0,700,0.533
759,0.64,0,0.0,0.0,0.0,0,0.538
760,0.3,0,0.0,0.0,0.0,0,0.542
761,0.63,0,0.0,0.0,0.0,0,0.546
762,0.38,0,0.0,0.0,0.0,0,0.567
763,0.66,13,1.35,1.4,8.0,700,0.576
764,0.42,0,0.0,0.0,0.0,0,0.584
765,0.34,0,0.0,0.0,0.0,0,0.587
766,0.63,0,0.0,0.0,0.0,0,0.59
767,0.66,13,1.28,1.4,8.0,700,0.594
768,0.44,0,0.0,0.0,0.0,0,0.598
769,0.65,0,0.0,0.0,0.0,0,0.603
770,0.64,13,1.25,1.4,8.0,700,0.607
771,0.37,0,0.0,0.0,0.0,0,0.607
772,0.66,13,1.33,1.4,8.0,700,0.608
773,0.65,13,1.31,1.4,8.0,700,0.61
774,0.66,13,1.01,1.4,8.0,700,0.611
775,0.3,0,0.0,0.0,0.0,0,0.629
776,0.32,0,0.0,0.0,0.0,0,0.634
777,0.35,0,0.0,0.0,0.0,0,0.635
778,0.66,13,0.59,1.4,8.0,700,0.637
779,0.39,0,0.0,0.0,0.0,0,0.639
780,0.51,0,0.0,0.0,0.0,0,0.64
781,0.66,13,0.69,1.4,8.0,700,0.642
782,0.66,13,1.13,1.4,8.0,700,0.646
783,0.59,0,0.0,0.0,0.0,0,0.648
784,0.64,0,0.0,0.0,0.0,0,0.652
785,0.54,0,0.0,0.0,0.0,0,0.659
786,0.38,0,0.0,0.0,0.0,0,0.672
787,0.43,0,0.0,0.0,0.0,0,0.673
788,0.41,0,0.0,0.0,0.0,0,0.673
789,0.66,13,1.18,1.4,8.0,700,0.677
790,0.57,0,0.0,0.0,0.0,0,0.679
791,0.58,4,0.07,0.98,3000.0,132,0.689
792,0.66,13,1.48,1.4,8.0,700,0.695
793,0.57,0,0.0,0.0,0.0,0,0.705
794,0.66,13,1.29,1.4,8.0,700,0.714
795,0.44,0,0.0,0.0,0.0,0,0.717
796,0.45,0,0.0,0.0,0.0,0,0.721
797,0.65,13,1.36,1.4,8.0,700,0.726
798,0.59,10,0.06,1.14,5.15,16,0.726
799,0.49,0,0.0,0.0,0.0,0,0.733
800,0.65,13,1.07,1.4,8.0,700,0.734
801,0.56,0,0.0,0.0,0.0,0,0.736
802,0.66,13,1.42,1.4,8.0,700,0.74
803,0.59,13,1.23,1.4,8.0,700,0.746
804,0.65,13,1.41,1.4,8.0,700,0.754
805,0.66,10,0.1,1.14,5.15,16,0.77
806,0.65,10,0.15,1.14,5.15,16,0.77
807,0.33,0,0.0,0.0,0.0,0,0.772
808,0.45,0,0.0,0.0,0.0,0,0.776
809,0.6,10,0.12,1.14,5.15,16,0.781
810,0.59,13,1.86,1.4,8.0,700,0.784
811,0.5,0,0.0,0.0,0.0,0,0.785
812,0.46,0,0.0,0.0,0.0,0,0.785
813,0.29,0,0.0,0.0,0.0,0,0.788
814,0.29,0,0.0,0.0,0.0,0,0.799
815,0.49,0,0.0,0.0,0.0,0,0.809
816,0.37,0,0.0,0.0,0.0,0,0.81
817,0.65,0,0.0,0.0,0.0,0,0.813
818,0.66,13,1.49,1.4,8.0,700,0.816
819,0.51,13,1.62,1.4,8.0,700,0.817
820,0.66,13,1.36,1.4,8.0,700,0.82
821,0.65,13,1.57,1.4,8.0,700,0.83
822,0.66,0,0.0,0.0,0.0,0,0.83
823,0.64,10,0.01,1.14,5.15,16,0.852
824,0.66,13,1.4,1.4,8.0,700,0.863
825,0.63,10,0.15,1.14,5.15,16,0.881
826,0.66,13,1.35,1.4,8.0,700,0.882
827,0.64,13,1.21,1.4,8.0,700,0.882
828,0.66,13,1.96,1.4,8.0,700,0.894
829,0.65,10,0.09,1.14,5.15,16,0.906
830,0.55,0,0.0,0.0,0.0,0,0.906
831,0.64,13,1.38,1.4,8.0,700,0.909
832,0.65,13,1.6,1.4,8.0,700,0.916
833,0.64,10,0.14,1.14,5.15,16,0.921
834,0.65,13,0.99,1.4,8.0,700,0.937
835,0.63,4,0.06,0.98,3000.0,132,0.941
836,0.56,13,1.21,1.4,8.0,700,0.943
837,0.66,13,1.17,1.4,8.0,700,0.943
838,0.35,0,0.0,0.0,0.0,0,0.967
839,0.46,4,0.02,0.98,3000.0,132,0.968
840,0.56,12,0.68,0.91,7.0,620,0.978
841,0.65,10,0.12,1.14,5.15,16,0.982
842,0.66,10,0.05,1.14,5.15,16,0.987
843,0.46,4,0.03,0.98,3000.0,132,0.991
844,0.58,13,1.76,1.4,8.0,700,0.994
845,0.63,13,1.41,1.4,8.0,700,0.998
846,0.47,11,0.26,1.19,10.0,800,1.017
847,0.57,13,1.85,1.4,8.0,700,1.019
848,0.63,13,1.27,1.4,8.0,700,1.045
849,0.61,10,0.05,1.14,5.15,16,1.059
850,0.54,4,0.02,0.98,3000.0,132,1.064
851,0.63,4,0.03,0.98,3000.0,132,1.079
852,0.66,13,1.22,1.4,8.0,700,1.092
853,0.58,0,0.0,0.0,0.0,0,1.093
854,0.6,13,1.73,1.4,8.0,700,1.097
855,0.44,4,0.04,0.98,3000.0,132,1.102
856,0.55,0,0.0,0.0,0.0,0,1.108
857,0.66,13,1.66,1.4,8.0,700,1.114
858,0.54,13,1.44,1.4,8.0,700,1.12
859,0.65,13,1.77,1.4,8.0,700,1.12
860,0.66,13,2.0,1.4,8.0,700,1.12
861,0.59,4,0.12,0.98,3000.0,132,1.121
862,0.51,13,1.5,1.4,8.0,700,1.121
863,0.54,4,0.08,0.98,3000.0,132,1.123
864,0.66,10,0.26,1.14,5.15,16,1.13
865,0.39,4,0.1,0.98,3000.0,132,1.131
866,0.66,13,1.3,1.4,8.0,700,1.147
867,0.46,0,0.0,0.0,0.0,0,1.148
868,0.45,4,0.09,0.98,3000.0,132,1.154
869,0.66,13,1.35,1.4,8.0,700,1.158
870,0.62,13,1.49,1.4,8.0,700,1.159
871,0.44,0,0.0,0.0,0.0,0,1.163
872,0.64,13,1.21,1.4,8.0,700,1.163
873,0.63,0,0.0,0.0,0.0,0,1.165
874,0.45,4,0.12,0.98,3000.0,132,1.182
875,0.32,0,0.0,0.0,0.0,0,1.182
876,0.62,8,0.18,0.98,5.0,570,1.185
877,0.66,13,1.86,1.4,8.0,700,1.221
878,0.6,0,0.0,0.0,0.0,0,1.224
879,0.65,13,1.68,1.4,8.0,700,1.226
880,0.59,0,0.0,0.0,0.0,0,1.234
881,0.51,0,0.0,0.0,0.0,0,1.241
882,0.66,12,0.41,0.91,7.0,620,1.242
883,0.63,10,0.17,1.14,5.15,16,1.244
884,0.65,13,1.98,1.4,8.0,700,1.246
885,0.65,13,1.63,1.4,8.0,700,1.249
886,0.49,13,1.51,1.4,8.0,700,1.251
887,0.66,10,0.09,1.14,5.15,16,1.253
888,0.42,8,0.09,0.98,5.0,570,1.256
889,0.66,13,1.32,1.4,8.0,700,1.258
890,0.66,13,1.55,1.4,8.0,700,1.267
891,0.65,11,0.53,1.19,10.0,800,1.269
892,0.29,4,0.07,0.98,3000.0,132,1.287
893,0.61,5,0.31,1.34,2.0,450,1.303
894,0.66,13,1.53,1.4,8.0,700,1.305
895,0.29,4,0.16,0.98,3000.0,132,1.306
896,0.66,13,1.64,1.4,8.0,700,1.311
897,0.63,12,0.66,0.91,7.0,620,1.312
898,0.6,10,0.13,1.14,5.15,16,1.312
899,0.66,10,0.12,1.14,5.15,16,1.317
900,0.31,4,0.06,0.98,3000.0,132,1.323
901,0.66,10,0.14,1.14,5.15,16,1.325
902,0.66,13,2.0,1.4,8.0,700,1.336
903,0.66,13,1.48,1.4,8.0,700,1.34
904,0.66,13,1.41,1.4,8.0,700,1.341
905,0.48,0,0.0,0.0,0.0,0,1.347
906,0.59,11,0.22,1.19,10.0,800,1.348
907,0.33,4,0.04,0.98,3000.0,132,1.354
908,0.51,8,0.3,0.98,5.0,570,1.357
909,0.54,4,0.07,0.98,3000.0,132,1.357
910,0.57,13,1.63,1.4,8.0,700,1.358
911,0.58,8,0.36,0.98,5.0,570,1.362
912,0.62,13,1.2,1.4,8.0,700,1.365
913,0.66,10,0.08,1.14,5.15,16,1.368
914,0.6,13,1.2,1.4,8.0,700,1.368
915,0.62,3,0.3,0.91,3.5,500,1.37
916,0.66,13,1.34,1.4,8.0,700,1.372
917,0.65,4,0.09,0.98,3000.0,132,1.375
918,0.66,10,0.03,1.14,5.15,16,1.38
919,0.66,10,0.02,1.14,5.15,16,1.4
920,0.65,2,0.14,0.91,7.0,550,1.4
921,0.66,10,0.17,1.14,5.15,16,1.401
922,0.37,12,0.29,0.91,7.0,620,1.406
923,0.65,12,0.41,0.91,7.0,620,1.407
924,0.66,13,1.23,1.4,8.0,700,1.412
925,0.66,13,1.87,1.4,8.0,700,1.416
926,0.56,9,0.38,1.14,3.15,550,1.419
927,0.66,9,0.31,1.14,3.15,550,1.419
928,0.42,4,0.09,0.98,3000.0,132,1.429
929,0.66,12,0.6,0.91,7.0,620,1.441
930,0.66,10,0.25,1.14,5.15,16,1.445
931,0.65,11,0.17,1.19,10.0,800,1.452
932,0.65,13,1.41,1.4,8.0,700,1.452
933,0.58,4,0.03,0.98,3000.0,132,1.453
934,0.63,8,0.13,0.98,5.0,570,1.455
935,0.3,4,0.03,0.98,3000.0,132,1.456
936,0.65,10,0.16,1.14,5.15,16,1.46
937,0.65,13,1.71,1.4,8.0,700,1.465
938,0.66,13,1.73,1.4,8.0,700,1.468
939,0.54,7,0.37,1.3,39.0,1600,1.469
940,0.56,12,0.31,0.91,7.0,620,1.475
941,0.65,13,1.96,1.4,8.0,700,1.476
942,0.41,4,0.07,0.98,3000.0,132,1.481
943,0.66,13,1.43,1.4,8.0,700,1.486
944,0.31,4,0.16,0.98,3000.0,132,1.489
945,0.39,3,0.1,0.91,3.5,500,1.491
946,0.54,4,0.07,0.98,3000.0,132,1.494
947,0.57,11,0.59,1.19,10.0,800,1.506
948,0.29,4,0.12,0.98,3000.0,132,1.51
949,0.6,10,0.05,1.14,5.15,16,1.511
950,0.61,11,0.53,1.19,10.0,800,1.516
951,0.58,3,0.09,0.91,3.5,500,1.52
952,0.59,10,0.33,1.14,5.15,16,1.523
953,0.66,13,1.83,1.4,8.0,700,1.526
954,0.62,10,0.24,1.14,5.15,16,1.527
955,0.59,10,0.23,1.14,5.15,16,1.528
956,0.51,10,0.41,1.14,5.15,16,1.533
957,0.65,11,0.64,1.19,10.0,800,1.535
958,0.43,11,0.62,1.19,10.0,800,1.536
959,0.39,4,0.12,0.98,3000.0,132,1.536
960,0.65,13,1.65,1.4,8.0,700,1.54
961,0.66,13,1.54,1.4,8.0,700,1.543
962,0.56,8,0.41,0.98,5.0,570,1.552
963,0.66,13,1.39,1.4,8.0,700,1.554
964,0.49,12,0.72,0.91,7.0,620,1.56
965,0.59,4,0.03,0.98,3000.0,132,1.561
966,0.37,4,0.06,0.98,3000.0,132,1.567
967,0.65,9,0.27,1.14,3.15,550,1.575
968,0.66,13,1.66,1.4,8.0,700,1.578
969,0.65,10,0.04,1.14,5.15,16,1.58
970,0.66,4,0.03,0.98,3000.0,132,1.582
971,0.51,11,0.3,1.19,10.0,800,1.588
972,0.66,13,1.2,1.4,8.0,700,1.589
973,0.66,10,0.1,1.14,5.15,16,1.59
974,0.51,4,0.06,0.98,3000.0,132,1.59
975,0.58,5,0.36,1.34,2.0,450,1.593
976,0.65,10,0.14,1.14,5.15,16,1.596
977,0.56,12,0.96,0.91,7.0,620,1.598
978,0.65,9,0.58,1.14,3.15,550,1.602
979,0.66,10,0.15,1.14,5.15,16,1.605
980,0.3,4,0.05,0.98,3000.0,132,1.605
981,0.31,4,0.23,0.98,3000.0,132,1.613
982,0.3,7,0.27,1.3,39.0,1600,1.616
983,0.4,12,0.57,0.91,7.0,620,1.621
984,0.58,11,0.33,1.19,10.0,800,1.623
985,0.65,10,0.16,1.14,5.15,16,1.624
986,0.66,11,0.61,1.19,10.0,800,1.627
987,0.47,4,0.1,0.98,3000.0,132,1.628
988,0.63,10,0.17,1.14,5.15,16,1.628
989,0.54,8,0.26,0.98,5.0,570,1.629
990,0.63,2,0.03,0.91,7.0,550,1.633
991,0.66,10,0.22,1.14,5.15,16,1.635
992,0.6,4,0.1,0.98,3000.0,132,1.636
993,0.59,11,0.52,1.19,10.0,800,1.637
994,0.64,12,0.38,0.91,7.0,620,1.637
995,0.56,11,0.5,1.19,10.0,800,1.644
996,0.61,3,0.11,0.91,3.5,500,1.644
997,0.64,11,0.45,1.19,10.0,800,1.654
998,0.66,10,0.12,1.14,5.15,16,1.658
999,0.65,13,1.94,1.4,8.0,700,1.671
1000,0.66,13,1.39,1.4,8.0,700,1.677
1001,0.65,10,0.29,1.14,5.15,16,1.68
1002,0.55,10,0.37,1.14,5.15,16,1.684
1003,0.3,4,0.13,0.98,3000.0,132,1.684
1004,0.65,3,0.02,0.91,3.5,500,1.686
1005,0.65,13,1.88,1.4,8.0,700,1.688
1006,0.59,10,0.08,1.14,5.15,16,1.69
1007,0.29,4,0.04,0.98,3000.0,132,1.692
1008,0.32,4,0.13,0.98,3000.0,132,1.696
1009,0.57,8,0.15,0.98,5.0,570,1.697
1010,0.66,10,0.65,1.14,5.15,16,1.706
1011,0.63,9,0.29,1.14,3.15,550,1.715
1012,0.64,10,0.31,1.14,5.15,16,1.716
1013,0.66,10,0.28,1.14,5.15,16,1.722
1014,0.66,10,0.06,1.14,5.15,16,1.725
1015,0.35,4,0.03,0.98,3000.0,132,1.726
1016,0.3,4,0.2,0.98,3000.0,132,1.73
1017,0.64,8,0.21,0.98,5.0,570,1.73
1018,0.32,4,0.07,0.98,3000.0,132,1.731
1019,0.66,5,0.21,1.34,2.0,450,1.734
1020,0.52,10,0.29,1.14,5.15,16,1.736
1021,0.66,12,0.4,0.91,7.0,620,1.743
1022,0.38,4,0.14,0.98,3000.0,132,1.746
1023,0.62,12,0.56,0.91,7.0,620,1.754
1024,0.35,10,0.19,1.14,5.15,16,1.763
1025,0.44,4,0.12,0.98,3000.0,132,1.78
1026,0.66,5,0.09,1.34,2.0,450,1.788
1027,0.54,11,0.58,1.19,10.0,800,1.791
1028,0.29,4,0.23,0.98,3000.0,132,1.793
1029,0.56,7,0.57,1.3,39.0,1600,1.794
1030,0.66,10,0.3,1.14,5.15,16,1.796
1031,0.63,10,0.17,1.14,5.15,16,1.796
1032,0.66,11,0.37,1.19,10.0,800,1.806
1033,0.36,4,0.11,0.98,3000.0,132,1.811
1034,0.61,9,0.4,1.14,3.15,550,1.812
1035,0.63,12,0.74,0.91,7.0,620,1.812
1036,0.59,2,0.12,0.91,7.0,550,1.813
1037,0.62,13,1.54,1.4,8.0,700,1.814
1038,0.35,4,0.1,0.98,3000.0,132,1.815
1039,0.64,12,0.66,0.91,7.0,620,1.822
1040,0.56,9,0.45,1.14,3.15,550,1.826
1041,0.66,13,1.62,1.4,8.0,700,1.829
1042,0.66,3,0.26,0.91,3.5,500,1.834
1043,0.66,10,0.13,1.14,5.15,16,1.845
1044,0.53,4,0.24,0.98,3000.0,132,1.846
1045,0.66,10,0.34,1.14,5.15,16,1.847
1046,0.29,4,0.22,0.98,3000.0,132,1.849
1047,0.66,12,0.58,0.91,7.0,620,1.854
1048,0.3,4,0.41,0.98,3000.0,132,1.855
1049,0.66,10,0.58,1.14,5.15,16,1.866
1050,0.66,11,0.37,1.19,10.0,800,1.87
1051,0.59,10,0.22,1.14,5.15,16,1.873
1052,0.64,9,0.32,1.14,3.15,550,1.877
1053,0.64,10,0.06,1.14,5.15,16,1.886
1054,0.62,9,0.68,1.14,3.15,550,1.89
1055,0.49,12,0.4,0.91,7.0,620,1.897
1056,0.29,4,0.14,0.98,3000.0,132,1.899
1057,0.65,12,0.4,0.91,7.0,620,1.899
1058,0.57,4,0.07,0.98,3000.0,132,1.907
1059,0.48,4,0.05,0.98,3000.0,132,1.91
1060,0.32,4,0.15,0.98,3000.0,132,1.91
1061,0.59,7,0.33,1.3,39.0,1600,1.911
1062,0.36,9,0.49,1.14,3.15,550,1.912
1063,0.66,10,0.21,1.14,5.15,16,1.916
1064,0.32,4,0.13,0.98,3000.0,132,1.918
1065,0.66,13,1.57,1.4,8.0,700,1.92
1066,0.66,10,0.14,1.14,5.15,16,1.926
1067,0.63,13,2.0,1.4,8.0,700,1.93
1068,0.65,5,0.27,1.34,2.0,450,1.937
1069,0.51,4,0.11,0.98,3000.0,132,1.943
1070,0.65,5,0.26,1.34,2.0,450,1.945
1071,0.55,9,0.43,1.14,3.15,550,1.946
1072,0.66,10,0.16,1.14,5.15,16,1.954
1073,0.63,2,0.23,0.91,7.0,550,1.955
1074,0.59,8,0.37,0.98,5.0,570,1.957
1075,0.66,10,0.25,1.14,5.15,16,1.96
1076,0.57,11,0.39,1.19,10.0,800,1.962
1077,0.61,11,0.34,1.19,10.0,800,1.967
1078,0.65,13,1.62,1.4,8.0,700,1.972
1079,0.51,2,0.03,0.91,7.0,550,1.978
1080,0.66,8,0.4,0.98,5.0,570,1.981
1081,0.61,11,0.5,1.19,10.0,800,1.984
1082,0.55,2,0.24,0.91,7.0,550,1.985
1083,0.48,8,0.47,0.98,5.0,570,1.986
1084,0.64,10,0.29,1.14,5.15,16,1.986
1085,0.59,8,0.37,0.98,5.0,570,1.99
1086,0.66,11,0.68,1.19,10.0,800,1.991
1087,0.51,4,0.13,0.98,3000.0,132,1.992
1088,0.61,10,0.33,1.14,5.15,16,1.996
1089,0.64,4,0.04,0.98,3000.0,132,1.999
1090,0.29,4,0.34,0.98,3000.0,132,2.0
1091,0.65,11,0.45,1.19,10.0,800,2.001
1092,0.59,4,0.17,0.98,3000.0,132,2.008
1093,0.55,11,0.43,1.19,10.0,800,2.009
1094,0.45,4,0.11,0.98,3000.0,132,2.01
1095,0.29,4,0.17,0.98,3000.0,132,2.01
1096,0.66,10,0.09,1.14,5.15,16,2.016
1097,0.29,4,0.11,0.98,3000.0,132,2.017
1098,0.45,10,0.22,1.14,5.15,16,2.017
1099,0.66,11,0.53,1.19,10.0,800,2.02
1100,0.65,10,0.16,1.14,5.15,16,2.024
1101,0.65,2,0.15,0.91,7.0,550,2.024
1102,0.66,13,1.83,1.4,8.0,700,2.027
1103,0.66,10,0.24,1.14,5.15,16,2.033
1104,0.65,10,0.11,1.14,5.15,16,2.037
1105,0.65,13,2.0,1.4,8.0,700,2.046
1106,0.66,13,1.45,1.4,8.0,700,2.048
1107,0.65,5,0.41,1.34,2.0,450,2.057
1108,0.66,13,1.77,1.4,8.0,700,2.058
1109,0.61,8,0.22,0.98,5.0,570,2.061
1110,0.65,11,0.46,1.19,10.0,800,2.064
1111,0.55,10,0.11,1.14,5.15,16,2.072
1112,0.64,10,0.18,1.14,5.15,16,2.074
1113,0.65,5,0.15,1.34,2.0,450,2.078
1114,0.53,8,0.29,0.98,5.0,570,2.083
1115,0.64,7,0.26,1.3,39.0,1600,2.086
1116,0.66,12,0.23,0.91,7.0,620,2.09
1117,0.36,3,0.5,0.91,3.5,500,2.09
1118,0.65,13,2.0,1.4,8.0,700,2.091
1119,0.57,9,1.32,1.14,3.15,550,2.1
1120,0.39,11,0.89,1.19,10.0,800,2.1
1121,0.38,13,1.96,1.4,8.0,700,2.105
1122,0.62,11,0.97,1.19,10.0,800,2.111
1123,0.29,4,0.25,0.98,3000.0,132,2.111
1124,0.39,4,0.14,0.98,3000.0,132,2.113
1125,0.33,4,0.18,0.98,3000.0,132,2.122
1126,0.33,4,0.13,0.98,3000.0,132,2.123
1127,0.59,12,0.7,0.91,7.0,620,2.127
1128,0.65,12,0.25,0.91,7.0,620,2.129
1129,0.61,8,0.3,0.98,5.0,570,2.13
1130,0.37,11,0.92,1.19,10.0,800,2.136
1131,0.63,10,0.47,1.14,5.15,16,2.14
1132,0.44,2,0.26,0.91,7.0,550,2.145
1133,0.63,8,0.18,0.98,5.0,570,2.15
1134,0.66,5,0.32,1.34,2.0,450,2.15
1135,0.66,5,0.34,1.34,2.0,450,2.152
1136,0.66,11,1.02,1.19,10.0,800,2.161
1137,0.29,4,0.31,0.98,3000.0,132,2.169
1138,0.54,11,0.43,1.19,10.0,800,2.172
1139,0.66,12,0.38,0.91,7.0,620,2.175
1140,0.61,8,0.24,0.98,5.0,570,2.176
1141,0.49,12,0.5,0.91,7.0,620,2.176
1142,0.62,8,0.25,0.98,5.0,570,2.18
1143,0.53,12,0.44,0.91,7.0,620,2.183
1144,0.55,12,0.87,0.91,7.0,620,2.183
1145,0.64,8,0.55,0.98,5.0,570,2.183
1146,0.62,11,0.7,1.19,10.0,800,2.187
1147,0.6,2,0.03,0.91,7.0,550,2.188
1148,0.42,2,0.36,0.91,7.0,550,2.188
1149,0.65,5,0.17,1.34,2.0,450,2.191
1150,0.66,13,1.76,1.4,8.0,700,2.191
1151,0.66,9,0.35,1.14,3.15,550,2.193
1152,0.45,11,0.9,1.19,10.0,800,2.196
1153,0.61,11,0.43,1.19,10.0,800,2.201
1154,0.61,2,0.08,0.91,7.0,550,2.204
1155,0.65,8,0.3,0.98,5.0,570,2.204
1156,0.64,10,0.52,1.14,5.15,16,2.205
1157,0.63,3,0.17,0.91,3.5,500,2.206
1158,0.64,10,0.18,1.14,5.15,16,2.208
1159,0.66,12,0.48,0.91,7.0,620,2.212
1160,0.65,8,0.36,0.98,5.0,570,2.214
1161,0.66,10,0.14,1.14,5.15,16,2.217
1162,0.5,12,1.13,0.91,7.0,620,2.217
1163,0.64,11,0.41,1.19,10.0,800,2.218
1164,0.61,5,0.78,1.34,2.0,450,2.22
1165,0.64,9,0.36,1.14,3.15,550,2.226
1166,0.66,10,0.27,1.14,5.15,16,2.228
1167,0.65,8,0.34,0.98,5.0,570,2.234
1168,0.58,11,0.81,1.19,10.0,800,2.237
1169,0.6,12,0.82,0.91,7.0,620,2.238
1170,0.6,12,0.97,0.91,7.0,620,2.245
1171,0.54,12,0.83,0.91,7.0,620,2.27
1172,0.48,12,0.78,0.91,7.0,620,2.275
1173,0.66,9,0.55,1.14,3.15,550,2.276
1174,0.65,10,0.09,1.14,5.15,16,2.28
1175,0.32,4,0.14,0.98,3000.0,132,2.281
1176,0.66,11,0.6,1.19,10.0,800,2.282
1177,0.55,9,0.72,1.14,3.15,550,2.283
1178,0.65,11,0.46,1.19,10.0,800,2.284
1179,0.66,11,0.56,1.19,10.0,800,2.287
1180,0.39,8,0.85,0.98,5.0,570,2.288
1181,0.66,9,0.28,1.14,3.15,550,2.288
1182,0.6,8,0.39,0.98,5.0,570,2.288
1183,0.66,10,0.32,1.14,5.15,16,2.291
1184,0.48,7,0.46,1.3,39.0,1600,2.293
1185,0.3,4,0.14,0.98,3000.0,132,2.299
1186,0.52,9,0.27,1.14,3.15,550,2.299
1187,0.4,4,0.39,0.98,3000.0,132,2.3
1188,0.66,8,0.29,0.98,5.0,570,2.301
1189,0.57,12,0.77,0.91,7.0,620,2.303
1190,0.48,7,0.6,1.3,39.0,1600,2.308
1191,0.65,12,1.1,0.91,7.0,620,2.308
1192,0.62,10,0.57,1.14,5.15,16,2.311
1193,0.3,4,0.15,0.98,3000.0,132,2.316
1194,0.52,7,0.85,1.3,39.0,1600,2.317
1195,0.54,11,0.76,1.19,10.0,800,2.319
1196,0.63,11,0.8,1.19,10.0,800,2.32
1197,0.61,9,0.42,1.14,3.15,550,2.32
1198,0.61,4,0.33,0.98,3000.0,132,2.322
1199,0.66,9,0.43,1.14,3.15,550,2.323
1200,0.48,12,1.02,0.91,7.0,620,2.325
1201,0.5,5,0.55,1.34,2.0,450,2.326
1202,0.65,3,0.29,0.91,3.5,500,2.328
1203,0.31,11,0.52,1.19,10.0,800,2.329
1204,0.34,4,0.13,0.98,3000.0,132,2.33
1205,0.53,3,0.42,0.91,3.5,500,2.33
1206,0.63,8,0.38,0.98,5.0,570,2.338
1207,0.61,11,0.79,1.19,10.0,800,2.338
1208,0.62,11,0.5,1.19,10.0,800,2.339
1209,0.65,12,0.5,0.91,7.0,620,2.339
1210,0.66,10,0.06,1.14,5.15,16,2.343
1211,0.57,5,0.19,1.34,2.0,450,2.355
1212,0.66,10,0.22,1.14,5.15,16,2.358
1213,0.3,4,0.15,0.98,3000.0,132,2.363
1214,0.58,10,0.38,1.14,5.15,16,2.367
1215,0.5,11,0.62,1.19,10.0,800,2.367
1216,0.41,2,0.08,0.91,7.0,550,2.373
1217,0.66,12,0.58,0.91,7.0,620,2.374
1218,0.55,12,0.87,0.91,7.0,620,2.375
1219,0.65,9,0.75,1.14,3.15,550,2.378
1220,0.63,11,0.44,1.19,10.0,800,2.378
1221,0.56,9,1.0,1.14,3.15,550,2.383
1222,0.66,12,0.78,0.91,7.0,620,2.384
1223,0.65,8,0.45,0.98,5.0,570,2.387
1224,0.62,11,0.5,1.19,10.0,800,2.394
1225,0.59,10,0.39,1.14,5.15,16,2.397
1226,0.45,4,0.25,0.98,3000.0,132,2.398
1227,0.63,5,0.47,1.34,2.0,450,2.407
1228,0.58,7,0.48,1.3,39.0,1600,2.407
1229,0.29,4,0.08,0.98,3000.0,132,2.412
1230,0.43,11,0.93,1.19,10.0,800,2.415
1231,0.31,7,0.68,1.3,39.0,1600,2.418
1232,0.32,3,0.34,0.91,3.5,500,2.419
1233,0.51,3,0.19,0.91,3.5,500,2.419
1234,0.6,7,0.67,1.3,39.0,1600,2.423
1235,0.66,9,0.36,1.14,3.15,550,2.427
1236,0.45,9,0.55,1.14,3.15,550,2.427
1237,0.65,10,0.13,1.14,5.15,16,2.429
1238,0.66,2,0.15,0.91,7.0,550,2.432
1239,0.6,9,0.46,1.14,3.15,550,2.433
1240,0.64,8,0.4,0.98,5.0,570,2.434
1241,0.49,9,0.71,1.14,3.15,550,2.435
1242,0.42,3,0.23,0.91,3.5,500,2.436
1243,0.62,8,0.3,0.98,5.0,570,2.437
1244,0.65,9,0.56,1.14,3.15,550,2.442
1245,0.64,8,0.16,0.98,5.0,570,2.442
1246,0.54,5,0.87,1.34,2.0,450,2.443
1247,0.66,11,0.62,1.19,10.0,800,2.445
1248,0.29,4,0.15,0.98,3000.0,132,2.445
1249,0.55,9,0.22,1.14,3.15,550,2.446
1250,0.55,2,0.15,0.91,7.0,550,2.446
1251,0.63,2,0.17,0.91,7.0,550,2.447
1252,0.61,12,0.43,0.91,7.0,620,2.447
1253,0.49,3,0.23,0.91,3.5,500,2.452
1254,0.65,8,0.43,0.98,5.0,570,2.452
1255,0.59,11,0.47,1.19,10.0,800,2.452
1256,0.63,10,0.25,1.14,5.15,16,2.453
1257,0.62,11,1.29,1.19,10.0,800,2.454
1258,0.66,5,0.27,1.34,2.0,450,2.459
1259,0.66,10,0.39,1.14,5.15,16,2.461
1260,0.66,13,1.93,1.4,8.0,700,2.462
1261,0.65,8,0.57,0.98,5.0,570,2.463
1262,0.3,7,0.53,1.3,39.0,1600,2.466
1263,0.48,11,0.26,1.19,10.0,800,2.468
1264,0.34,3,0.14,0.91,3.5,500,2.469
1265,0.4,9,0.32,1.14,3.15,550,2.48
1266,0.66,12,0.51,0.91,7.0,620,2.482
1267,0.49,9,0.81,1.14,3.15,550,2.482
1268,0.59,7,0.7,1.3,39.0,1600,2.485
1269,0.57,10,0.56,1.14,5.15,16,2.488
1270,0.65,2,0.19,0.91,7.0,550,2.493
1271,0.65,11,0.81,1.19,10.0,800,2.494
1272,0.56,8,0.41,0.98,5.0,570,2.495
1273,0.34,4,0.16,0.98,3000.0,132,2.497
1274,0.6,7,0.75,1.3,39.0,1600,2.499
1275,0.62,10,0.14,1.14,5.15,16,2.501
1276,0.6,9,0.47,1.14,3.15,550,2.502
1277,0.5,8,0.65,0.98,5.0,570,2.507
1278,0.66,11,0.63,1.19,10.0,800,2.509
1279,0.49,8,0.47,0.98,5.0,570,2.513
1280,0.5,5,0.27,1.34,2.0,450,2.514
1281,0.46,5,0.31,1.34,2.0,450,2.516
1282,0.6,4,0.2,0.98,3000.0,132,2.519
1283,0.64,12,0.76,0.91,7.0,620,2.524
1284,0.63,12,0.49,0.91,7.0,620,2.53
1285,0.61,12,0.8,0.91,7.0,620,2.535
1286,0.42,11,0.52,1.19,10.0,800,2.538
1287,0.63,9,0.5,1.14,3.15,550,2.539
1288,0.62,11,0.98,1.19,10.0,800,2.545
1289,0.31,7,0.83,1.3,39.0,1600,2.545
1290,0.64,9,0.3,1.14,3.15,550,2.547
1291,0.63,8,0.69,0.98,5.0,570,2.547
1292,0.41,4,0.09,0.98,3000.0,132,2.548
1293,0.48,2,0.43,0.91,7.0,550,2.553
1294,0.6,10,0.2,1.14,5.15,16,2.554
1295,0.38,4,0.13,0.98,3000.0,132,2.554
1296,0.65,5,0.55,1.34,2.0,450,2.556
1297,0.66,5,0.22,1.34,2.0,450,2.556
1298,0.64,5,0.53,1.34,2.0,450,2.567
1299,0.65,9,0.42,1.14,3.15,550,2.574
1300,0.6,9,0.77,1.14,3.15,550,2.575
1301,0.66,2,0.26,0.91,7.0,550,2.575
1302,0.66,12,0.35,0.91,7.0,620,2.578
1303,0.34,4,0.11,0.98,3000.0,132,2.579
1304,0.62,3,0.19,0.91,3.5,500,2.58
1305,0.66,11,0.81,1.19,10.0,800,2.581
1306,0.65,9,0.54,1.14,3.15,550,2.581
1307,0.63,5,0.55,1.34,2.0,450,2.581
1308,0.54,3,0.21,0.91,3.5,500,2.582
1309,0.58,12,0.74,0.91,7.0,620,2.589
1310,0.63,11,0.66,1.19,10.0,800,2.59
1311,0.49,12,0.67,0.91,7.0,620,2.59
1312,0.65,11,0.42,1.19,10.0,800,2.59
1313,0.66,5,0.16,1.34,2.0,450,2.591
1314,0.34,5,0.83,1.34,2.0,450,2.597
1315,0.57,3,0.25,0.91,3.5,500,2.599
1316,0.38,12,0.93,0.91,7.0,620,2.599
1317,0.6,9,0.68,1.14,3.15,550,2.601
1318,0.57,12,0.71,0.91,7.0,620,2.602
1319,0.45,2,0.23,0.91,7.0,550,2.609
1320,0.66,9,0.11,1.14,3.15,550,2.612
1321,0.62,3,0.39,0.91,3.5,500,2.613
1322,0.5,9,0.74,1.14,3.15,550,2.616
1323,0.3,7,0.75,1.3,39.0,1600,2.616
1324,0.51,2,0.35,0.91,7.0,550,2.62
1325,0.47,11,0.91,1.19,10.0,800,2.62
1326,0.5,11,0.37,1.19,10.0,800,2.621
1327,0.51,12,0.69,0.91,7.0,620,2.625
1328,0.66,9,0.53,1.14,3.15,550,2.625
1329,0.42,8,0.56,0.98,5.0,570,2.625
1330,0.63,9,0.53,1.14,3.15,550,2.631
1331,0.43,4,0.05,0.98,3000.0,132,2.633
1332,0.57,11,0.73,1.19,10.0,800,2.633
1333,0.31,4,0.22,0.98,3000.0,132,2.645
1334,0.66,10,0.47,1.14,5.15,16,2.65
1335,0.66,11,0.58,1.19,10.0,800,2.65
1336,0.46,12,0.63,0.91,7.0,620,2.651
1337,0.63,9,0.4,1.14,3.15,550,2.655
1338,0.32,4,0.25,0.98,3000.0,132,2.658
1339,0.57,11,0.5,1.19,10.0,800,2.66
1340,0.66,7,0.31,1.3,39.0,1600,2.664
1341,0.63,2,0.21,0.91,7.0,550,2.664
1342,0.66,11,0.85,1.19,10.0,800,2.665
1343,0.57,2,0.36,0.91,7.0,550,2.669
1344,0.62,3,0.39,0.91,3.5,500,2.671
1345,0.66,9,0.46,1.14,3.15,550,2.673
1346,0.3,4,0.26,0.98,3000.0,132,2.685
1347,0.43,11,0.78,1.19,10.0,800,2.687
1348,0.31,11,0.63,1.19,10.0,800,2.688
1349,0.62,5,0.32,1.34,2.0,450,2.688
1350,0.66,12,0.84,0.91,7.0,620,2.69
1351,0.32,2,0.14,0.91,7.0,550,2.691
1352,0.44,10,0.53,1.14,5.15,16,2.692
1353,0.66,8,0.59,0.98,5.0,570,2.693
1354,0.39,7,0.83,1.3,39.0,1600,2.693
1355,0.3,4,0.76,0.98,3000.0,132,2.696
1356,0.36,12,0.6,0.91,7.0,620,2.698
1357,0.51,11,0.7,1.19,10.0,800,2.704
1358,0.59,11,0.55,1.19,10.0,800,2.708
1359,0.66,10,0.33,1.14,5.15,16,2.709
1360,0.66,10,0.4,1.14,5.15,16,2.71
1361,0.66,9,0.54,1.14,3.15,550,2.714
1362,0.56,11,1.4,1.19,10.0,800,2.714
1363,0.66,11,0.89,1.19,10.0,800,2.715
1364,0.47,5,0.57,1.34,2.0,450,2.724
1365,0.63,8,0.37,0.98,5.0,570,2.732
1366,0.65,5,0.52,1.34,2.0,450,2.74
1367,0.35,4,0.09,0.98,3000.0,132,2.743
1368,0.58,3,0.18,0.91,3.5,500,2.744
1369,0.61,9,0.27,1.14,3.15,550,2.751
1370,0.6,8,0.54,0.98,5.0,570,2.757
1371,0.33,3,0.57,0.91,3.5,500,2.759
1372,0.31,4,0.17,0.98,3000.0,132,2.761
1373,0.46,10,0.71,1.14,5.15,16,2.762
1374,0.6,9,0.4,1.14,3.15,550,2.768
1375,0.65,12,0.61,0.91,7.0,620,2.771
1376,0.56,3,0.46,0.91,3.5,500,2.781
1377,0.64,3,0.23,0.91,3.5,500,2.783
1378,0.55,3,0.17,0.91,3.5,500,2.784
1379,0.6,5,0.64,1.34,2.0,450,2.787
1380,0.64,12,1.18,0.91,7.0,620,2.792
1381,0.42,7,0.66,1.3,39.0,1600,2.801
1382,0.66,10,0.2,1.14,5.15,16,2.802
1383,0.57,12,0.61,0.91,7.0,620,2.803
1384,0.55,4,0.18,0.98,3000.0,132,2.804
1385,0.55,12,0.88,0.91,7.0,620,2.804
1386,0.66,12,0.42,0.91,7.0,620,2.804
1387,0.66,10,0.45,1.14,5.15,16,2.805
1388,0.63,5,0.26,1.34,2.0,450,2.81
1389,0.64,9,0.77,1.14,3.15,550,2.81
1390,0.58,10,0.18,1.14,5.15,16,2.811
1391,0.66,8,0.56,0.98,5.0,570,2.816
1392,0.64,12,0.55,0.91,7.0,620,2.818
1393,0.66,9,0.67,1.14,3.15,550,2.821
1394,0.66,8,0.24,0.98,5.0,570,2.822
1395,0.65,3,0.1,0.91,3.5,500,2.824
1396,0.32,2,0.59,0.91,7.0,550,2.828
1397,0.64,3,0.26,0.91,3.5,500,2.834
1398,0.37,4,0.06,0.98,3000.0,132,2.835
1399,0.65,5,0.25,1.34,2.0,450,2.837
1400,0.52,8,0.44,0.98,5.0,570,2.838
1401,0.58,5,0.34,1.34,2.0,450,2.839
1402,0.63,3,0.34,0.91,3.5,500,2.843
1403,0.62,7,0.67,1.3,39.0,1600,2.845
1404,0.61,7,0.76,1.3,39.0,1600,2.849
1405,0.59,2,0.27,0.91,7.0,550,2.849
1406,0.61,5,0.37,1.34,2.0,450,2.85
1407,0.61,11,0.43,1.19,10.0,800,2.852
1408,0.39,6,1.32,2.75,95.0,3300,2.854
1409,0.56,8,0.5,0.98,5.0,570,2.855
1410,0.37,7,1.04,1.3,39.0,1600,2.859
1411,0.57,3,0.37,0.91,3.5,500,2.86
1412,0.61,2,0.24,0.91,7.0,550,2.862
1413,0.48,3,0.33,0.91,3.5,500,2.868
1414,0.65,2,0.33,0.91,7.0,550,2.868
1415,0.65,12,0.99,0.91,7.0,620,2.872
1416,0.6,2,0.37,0.91,7.0,550,2.872
1417,0.52,11,0.5,1.19,10.0,800,2.88
1418,0.65,12,0.78,0.91,7.0,620,2.88
1419,0.58,8,0.67,0.98,5.0,570,2.891
1420,0.59,2,0.31,0.91,7.0,550,2.894
1421,0.66,12,0.98,0.91,7.0,620,2.899
1422,0.48,2,0.36,0.91,7.0,550,2.901
1423,0.66,10,0.54,1.14,5.15,16,2.903
1424,0.57,8,0.32,0.98,5.0,570,2.903
1425,0.64,9,0.4,1.14,3.15,550,2.909
1426,0.55,3,0.15,0.91,3.5,500,2.914
1427,0.65,12,1.18,0.91,7.0,620,2.918
1428,0.56,11,0.64,1.19,10.0,800,2.919
1429,0.62,12,1.15,0.91,7.0,620,2.921
1430,0.29,4,0.31,0.98,3000.0,132,2.923
1431,0.61,11,0.67,1.19,10.0,800,2.924
1432,0.61,12,0.9,0.91,7.0,620,2.925
1433,0.61,5,0.4,1.34,2.0,450,2.93
1434,0.66,2,0.23,0.91,7.0,550,2.934
1435,0.41,3,0.25,0.91,3.5,500,2.937
1436,0.63,12,0.8,0.91,7.0,620,2.938
1437,0.64,12,0.9,0.91,7.0,620,2.94
1438,0.31,6,0.86,2.75,95.0,3300,2.941
1439,0.64,2,0.17,0.91,7.0,550,2.944
1440,0.66,12,0.64,0.91,7.0,620,2.945
1441,0.66,8,0.52,0.98,5.0,570,2.948
1442,0.63,8,0.69,0.98,5.0,570,2.949
1443,0.46,5,0.29,1.34,2.0,450,2.95
1444,0.52,3,0.42,0.91,3.5,500,2.953
1445,0.63,7,0.5,1.3,39.0,1600,2.954
1446,0.65,10,0.2,1.14,5.15,16,2.957
1447,0.58,12,0.79,0.91,7.0,620,2.961
1448,0.51,7,0.43,1.3,39.0,1600,2.963
1449,0.35,12,0.69,0.91,7.0,620,2.968
1450,0.33,2,0.41,0.91,7.0,550,2.969
1451,0.46,9,0.59,1.14,3.15,550,2.97
1452,0.52,11,0.51,1.19,10.0,800,2.971
1453,0.31,8,0.4,0.98,5.0,570,2.972
1454,0.57,7,0.53,1.3,39.0,1600,2.974
1455,0.63,7,0.65,1.3,39.0,1600,2.978
1456,0.66,10,0.21,1.14,5.15,16,2.98
1457,0.65,12,0.58,0.91,7.0,620,2.982
1458,0.37,3,0.43,0.91,3.5,500,2.983
1459,0.6,3,0.2,0.91,3.5,500,2.989
1460,0.64,5,0.3,1.34,2.0,450,2.989
1461,0.55,5,0.59,1.34,2.0,450,2.989
1462,0.58,12,0.41,0.91,7.0,620,2.998
1463,0.56,8,0.74,0.98,5.0,570,3.0
1464,0.66,12,0.83,0.91,7.0,620,3.001
1465,0.63,11,0.59,1.19,10.0,800,3.005
1466,0.51,3,0.17,0.91,3.5,500,3.008
1467,0.65,7,0.76,1.3,39.0,1600,3.011
1468,0.65,11,0.35,1.19,10.0,800,3.016
1469,0.6,5,0.32,1.34,2.0,450,3.022
1470,0.65,12,0.75,0.91,7.0,620,3.023
1471,0.37,7,0.6,1.3,39.0,1600,3.026
1472,0.65,12,1.12,0.91,7.0,620,3.031
1473,0.57,8,0.68,0.98,5.0,570,3.032
1474,0.35,7,1.04,1.3,39.0,1600,3.034
1475,0.65,8,0.66,0.98,5.0,570,3.034
1476,0.61,12,0.89,0.91,7.0,620,3.037
1477,0.63,6,0.55,2.75,95.0,3300,3.042
1478,0.38,7,0.59,1.3,39.0,1600,3.045
1479,0.62,9,0.26,1.14,3.15,550,3.053
1480,0.43,2,0.53,0.91,7.0,550,3.06
1481,0.64,2,0.18,0.91,7.0,550,3.066
1482,0.6,5,0.84,1.34,2.0,450,3.069
1483,0.5,7,0.86,1.3,39.0,1600,3.07
1484,0.65,5,0.39,1.34,2.0,450,3.075
1485,0.66,9,0.33,1.14,3.15,550,3.077
1486,0.66,5,0.32,1.34,2.0,450,3.08
1487,0.61,7,0.55,1.3,39.0,1600,3.081
1488,0.66,12,0.52,0.91,7.0,620,3.083
1489,0.43,9,1.2,1.14,3.15,550,3.087
1490,0.64,4,0.2,0.98,3000.0,132,3.087
1491,0.59,12,0.93,0.91,7.0,620,3.09
1492,0.59,11,0.86,1.19,10.0,800,3.09
1493,0.36,6,1.15,2.75,95.0,3300,3.098
1494,0.45,3,0.35,0.91,3.5,500,3.102
1495,0.43,7,0.67,1.3,39.0,1600,3.103
1496,0.33,7,1.33,1.3,39.0,1600,3.104
1497,0.6,7,0.93,1.3,39.0,1600,3.108
1498,0.51,4,0.25,0.98,3000.0,132,3.109
1499,0.61,3,0.12,0.91,3.5,500,3.11
1500,0.33,5,0.73,1.34,2.0,450,3.114
1501,0.54,7,0.29,1.3,39.0,1600,3.124
1502,0.61,5,0.4,1.34,2.0,450,3.124
1503,0.63,1,0.24,7.85,210.0,1000,3.125
1504,0.66,2,0.22,0.91,7.0,550,3.13
1505,0.33,4,0.14,0.98,3000.0,132,3.135
1506,0.62,8,0.51,0.98,5.0,570,3.14
1507,0.65,9,1.02,1.14,3.15,550,3.143
1508,0.63,5,0.62,1.34,2.0,450,3.143
1509,0.66,10,0.34,1.14,5.15,16,3.146
1510,0.49,5,0.79,1.34,2.0,450,3.152
1511,0.66,11,0.45,1.19,10.0,800,3.152
1512,0.62,8,1.09,0.98,5.0,570,3.153
1513,0.58,8,0.54,0.98,5.0,570,3.153
1514,0.62,2,0.37,0.91,7.0,550,3.158
1515,0.65,12,1.14,0.91,7.0,620,3.161
1516,0.66,12,1.05,0.91,7.0,620,3.164
1517,0.54,9,0.66,1.14,3.15,550,3.166
1518,0.54,3,0.59,0.91,3.5,500,3.166
1519,0.65,5,0.46,1.34,2.0,450,3.166
1520,0.66,10,0.3,1.14,5.15,16,3.168
1521,0.65,7,0.47,1.3,39.0,1600,3.17
1522,0.62,8,1.09,0.98,5.0,570,3.171
1523,0.66,5,0.23,1.34,2.0,450,3.176
1524,0.59,12,1.53,0.91,7.0,620,3.18
1525,0.56,7,0.52,1.3,39.0,1600,3.183
1526,0.64,12,0.99,0.91,7.0,620,3.186
1527,0.66,7,0.66,1.3,39.0,1600,3.194
1528,0.65,12,1.15,0.91,7.0,620,3.196
1529,0.65,10,0.39,1.14,5.15,16,3.2
1530,0.55,6,0.9,2.75,95.0,3300,3.202
1531,0.66,12,0.48,0.91,7.0,620,3.212
1532,0.66,11,1.07,1.19,10.0,800,3.213
1533,0.66,9,0.77,1.14,3.15,550,3.214
1534,0.65,7,0.67,1.3,39.0,1600,3.216
1535,0.41,4,0.51,0.98,3000.0,132,3.218
1536,0.46,12,1.0,0.91,7.0,620,3.22
1537,0.66,9,0.8,1.14,3.15,550,3.222
1538,0.34,6,0.97,2.75,95.0,3300,3.227
1539,0.54,2,0.6,0.91,7.0,550,3.227
1540,0.46,7,1.09,1.3,39.0,1600,3.228
1541,0.65,2,0.21,0.91,7.0,550,3.235
1542,0.65,5,0.26,1.34,2.0,450,3.235
1543,0.58,8,0.69,0.98,5.0,570,3.249
1544,0.6,9,0.5,1.14,3.15,550,3.25
1545,0.66,9,0.29,1.14,3.15,550,3.268
1546,0.63,5,0.37,1.34,2.0,450,3.269
1547,0.39,3,0.46,0.91,3.5,500,3.269
1548,0.64,5,0.45,1.34,2.0,450,3.269
1549,0.39,8,0.89,0.98,5.0,570,3.272
1550,0.61,2,0.16,0.91,7.0,550,3.273
1551,0.6,3,0.73,0.91,3.5,500,3.274
1552,0.41,8,0.71,0.98,5.0,570,3.274
1553,0.54,8,0.68,0.98,5.0,570,3.274
1554,0.39,9,0.69,1.14,3.15,550,3.276
1555,0.66,5,0.41,1.34,2.0,450,3.276
1556,0.43,4,0.28,0.98,3000.0,132,3.28
1557,0.65,3,0.21,0.91,3.5,500,3.281
1558,0.43,7,0.56,1.3,39.0,1600,3.281
1559,0.57,8,0.56,0.98,5.0,570,3.289
1560,0.59,11,1.51,1.19,10.0,800,3.29
1561,0.66,12,0.84,0.91,7.0,620,3.295
1562,0.64,5,0.77,1.34,2.0,450,3.308
1563,0.42,7,0.85,1.3,39.0,1600,3.315
1564,0.58,11,0.74,1.19,10.0,800,3.316
1565,0.49,8,0.73,0.98,5.0,570,3.316
1566,0.36,7,0.31,1.3,39.0,1600,3.318
1567,0.47,9,0.52,1.14,3.15,550,3.322
1568,0.66,2,0.19,0.91,7.0,550,3.326
1569,0.5,7,0.79,1.3,39.0,1600,3.341
1570,0.59,7,0.53,1.3,39.0,1600,3.343
1571,0.55,12,1.04,0.91,7.0,620,3.346
1572,0.38,11,0.87,1.19,10.0,800,3.354
1573,0.53,7,0.76,1.3,39.0,1600,3.357
1574,0.57,2,0.18,0.91,7.0,550,3.36
1575,0.58,5,0.3,1.34,2.0,450,3.362
1576,0.66,9,0.48,1.14,3.15,550,3.365
1577,0.47,6,0.94,2.75,95.0,3300,3.366
1578,0.56,12,1.07,0.91,7.0,620,3.367
1579,0.59,7,0.68,1.3,39.0,1600,3.371
1580,0.37,6,1.12,2.75,95.0,3300,3.371
1581,0.35,3,0.5,0.91,3.5,500,3.372
1582,0.33,6,1.61,2.75,95.0,3300,3.377
1583,0.58,3,0.4,0.91,3.5,500,3.383
1584,0.44,7,0.87,1.3,39.0,1600,3.384
1585,0.45,3,0.46,0.91,3.5,500,3.388
1586,0.35,8,0.68,0.98,5.0,570,3.39
1587,0.42,9,0.89,1.14,3.15,550,3.392
1588,0.51,10,0.6,1.14,5.15,16,3.397
1589,0.63,5,0.72,1.34,2.0,450,3.397
1590,0.32,2,0.49,0.91,7.0,550,3.398
1591,0.49,3,0.52,0.91,3.5,500,3.404
1592,0.6,8,0.51,0.98,5.0,570,3.409
1593,0.3,4,0.17,0.98,3000.0,132,3.413
1594,0.63,9,0.34,1.14,3.15,550,3.415
1595,0.66,5,0.33,1.34,2.0,450,3.417
1596,0.61,8,0.51,0.98,5.0,570,3.419
1597,0.43,3,0.42,0.91,3.5,500,3.421
1598,0.4,7,0.86,1.3,39.0,1600,3.421
1599,0.66,2,0.43,0.91,7.0,550,3.423
1600,0.44,2,0.44,0.91,7.0,550,3.424
1601,0.53,12,1.16,0.91,7.0,620,3.426
1602,0.66,5,0.44,1.34,2.0,450,3.428
1603,0.5,2,0.37,0.91,7.0,550,3.429
1604,0.31,11,0.69,1.19,10.0,800,3.43
1605,0.66,11,0.87,1.19,10.0,800,3.436
1606,0.66,7,0.37,1.3,39.0,1600,3.438
1607,0.41,2,0.37,0.91,7.0,550,3.439
1608,0.46,7,1.15,1.3,39.0,1600,3.44
1609,0.5,5,0.6,1.34,2.0,450,3.446
1610,0.66,9,0.87,1.14,3.15,550,3.446
1611,0.66,12,0.83,0.91,7.0,620,3.452
1612,0.51,5,0.52,1.34,2.0,450,3.455
1613,0.52,5,0.46,1.34,2.0,450,3.459
1614,0.66,8,0.55,0.98,5.0,570,3.459
1615,0.56,2,0.37,0.91,7.0,550,3.461
1616,0.41,12,1.21,0.91,7.0,620,3.466
1617,0.45,4,0.37,0.98,3000.0,132,3.466
1618,0.61,11,0.64,1.19,10.0,800,3.469
1619,0.32,7,0.54,1.3,39.0,1600,3.471
1620,0.53,1,0.44,7.85,210.0,1000,3.473
1621,0.41,2,0.34,0.91,7.0,550,3.475
1622,0.53,5,0.54,1.34,2.0,450,3.477
1623,0.64,9,0.58,1.14,3.15,550,3.478
1624,0.6,7,0.93,1.3,39.0,1600,3.484
1625,0.63,3,0.13,0.91,3.5,500,3.485
1626,0.43,8,0.36,0.98,5.0,570,3.485
1627,0.62,3,0.47,0.91,3.5,500,3.486
1628,0.63,9,0.51,1.14,3.15,550,3.489
1629,0.51,12,1.36,0.91,7.0,620,3.493
1630,0.6,9,0.62,1.14,3.15,550,3.498
1631,0.4,2,0.38,0.91,7.0,550,3.501
1632,0.66,9,0.61,1.14,3.15,550,3.506
1633,0.6,3,0.33,0.91,3.5,500,3.511
1634,0.55,3,0.36,0.91,3.5,500,3.512
1635,0.59,11,0.77,1.19,10.0,800,3.518
1636,0.66,5,0.46,1.34,2.0,450,3.521
1637,0.5,5,0.43,1.34,2.0,450,3.522
1638,0.41,7,0.9,1.3,39.0,1600,3.523
1639,0.48,2,0.31,0.91,7.0,550,3.527
1640,0.66,11,1.03,1.19,10.0,800,3.535
1641,0.62,8,0.57,0.98,5.0,570,3.537
1642,0.55,8,0.64,0.98,5.0,570,3.538
1643,0.58,3,0.51,0.91,3.5,500,3.541
1644,0.66,9,0.52,1.14,3.15,550,3.543
1645,0.47,2,0.6,0.91,7.0,550,3.544
1646,0.58,8,0.66,0.98,5.0,570,3.544
1647,0.52,7,1.04,1.3,39.0,1600,3.544
1648,0.65,8,0.25,0.98,5.0,570,3.55
1649,0.66,3,0.38,0.91,3.5,500,3.556
1650,0.54,7,0.68,1.3,39.0,1600,3.558
1651,0.65,5,0.3,1.34,2.0,450,3.559
1652,0.55,5,0.7,1.34,2.0,450,3.561
1653,0.59,8,0.65,0.98,5.0,570,3.565
1654,0.63,8,0.44,0.98,5.0,570,3.565
1655,0.66,12,0.78,0.91,7.0,620,3.566
1656,0.44,3,0.45,0.91,3.5,500,3.566
1657,0.32,6,1.38,2.75,95.0,3300,3.571
1658,0.44,2,0.23,0.91,7.0,550,3.577
1659,0.56,9,0.68,1.14,3.15,550,3.578
1660,0.42,7,0.67,1.3,39.0,1600,3.58
1661,0.65,2,0.55,0.91,7.0,550,3.581
1662,0.31,9,1.41,1.14,3.15,550,3.582
1663,0.59,5,0.52,1.34,2.0,450,3.586
1664,0.31,6,1.37,2.75,95.0,3300,3.587
1665,0.66,12,0.84,0.91,7.0,620,3.589
1666,0.66,1,0.86,7.85,210.0,1000,3.595
1667,0.41,7,0.89,1.3,39.0,1600,3.596
1668,0.63,2,0.56,0.91,7.0,550,3.597
1669,0.52,2,0.39,0.91,7.0,550,3.598
1670,0.61,8,0.76,0.98,5.0,570,3.6
1671,0.66,3,0.25,0.91,3.5,500,3.6
1672,0.58,9,0.57,1.14,3.15,550,3.605
1673,0.38,2,0.64,0.91,7.0,550,3.605
1674,0.52,8,0.55,0.98,5.0,570,3.613
1675,0.58,2,0.54,0.91,7.0,550,3.617
1676,0.63,8,0.39,0.98,5.0,570,3.619
1677,0.57,6,1.51,2.75,95.0,3300,3.623
1678,0.62,11,1.03,1.19,10.0,800,3.626
1679,0.66,8,0.85,0.98,5.0,570,3.626
1680,0.31,5,1.27,1.34,2.0,450,3.627
1681,0.32,7,0.35,1.3,39.0,1600,3.63
1682,0.34,2,0.56,0.91,7.0,550,3.635
1683,0.66,11,0.5,1.19,10.0,800,3.635
1684,0.66,10,0.46,1.14,5.15,16,3.637
1685,0.56,3,0.77,0.91,3.5,500,3.637
1686,0.59,5,0.34,1.34,2.0,450,3.638
1687,0.56,9,0.73,1.14,3.15,550,3.651
1688,0.63,7,0.83,1.3,39.0,1600,3.652
1689,0.36,5,0.4,1.34,2.0,450,3.657
1690,0.62,5,1.14,1.34,2.0,450,3.663
1691,0.61,2,0.43,0.91,7.0,550,3.665
1692,0.42,6,1.03,2.75,95.0,3300,3.665
1693,0.35,8,0.66,0.98,5.0,570,3.669
1694,0.51,8,1.02,0.98,5.0,570,3.669
1695,0.66,12,0.66,0.91,7.0,620,3.671
1696,0.64,8,0.35,0.98,5.0,570,3.671
1697,0.34,9,0.44,1.14,3.15,550,3.672
1698,0.48,7,1.0,1.3,39.0,1600,3.673
1699,0.65,9,0.39,1.14,3.15,550,3.675
1700,0.66,3,0.42,0.91,3.5,500,3.677
1701,0.49,2,0.33,0.91,7.0,550,3.677
1702,0.63,11,0.77,1.19,10.0,800,3.682
1703,0.65,9,1.12,1.14,3.15,550,3.683
1704,0.61,5,0.68,1.34,2.0,450,3.684
1705,0.54,7,0.48,1.3,39.0,1600,3.689
1706,0.6,11,0.98,1.19,10.0,800,3.689
1707,0.56,3,0.44,0.91,3.5,500,3.692
1708,0.53,6,0.84,2.75,95.0,3300,3.699
1709,0.46,2,0.31,0.91,7.0,550,3.699
1710,0.66,11,0.9,1.19,10.0,800,3.701
1711,0.34,8,1.08,0.98,5.0,570,3.701
1712,0.62,2,0.56,0.91,7.0,550,3.705
1713,0.64,9,1.01,1.14,3.15,550,3.712
1714,0.66,9,0.34,1.14,3.15,550,3.712
1715,0.35,3,0.53,0.91,3.5,500,3.712
1716,0.52,5,0.6,1.34,2.0,450,3.713
1717,0.41,2,0.24,0.91,7.0,550,3.714
1718,0.34,2,0.18,0.91,7.0,550,3.719
1719,0.57,10,0.48,1.14,5.15,16,3.72
1720,0.66,3,0.23,0.91,3.5,500,3.72
1721,0.38,5,0.4,1.34,2.0,450,3.723
1722,0.36,7,0.79,1.3,39.0,1600,3.723
1723,0.3,6,1.36,2.75,95.0,3300,3.725
1724,0.58,7,1.01,1.3,39.0,1600,3.726
1725,0.63,1,0.29,7.85,210.0,1000,3.736
1726,0.63,7,0.5,1.3,39.0,1600,3.738
1727,0.44,8,0.56,0.98,5.0,570,3.748
1728,0.44,6,1.47,2.75,95.0,3300,3.75
1729,0.6,2,0.29,0.91,7.0,550,3.76
1730,0.3,6,1.13,2.75,95.0,3300,3.762
1731,0.58,2,0.49,0.91,7.0,550,3.762
1732,0.46,1,0.61,7.85,210.0,1000,3.769
1733,0.66,5,0.35,1.34,2.0,450,3.77
1734,0.66,9,0.42,1.14,3.15,550,3.772
1735,0.66,8,0.92,0.98,5.0,570,3.774
1736,0.38,7,0.61,1.3,39.0,1600,3.78
1737,0.49,9,0.6,1.14,3.15,550,3.781
1738,0.59,5,0.46,1.34,2.0,450,3.786
1739,0.59,2,0.54,0.91,7.0,550,3.789
1740,0.57,3,0.43,0.91,3.5,500,3.79
1741,0.5,11,0.75,1.19,10.0,800,3.79
1742,0.6,3,0.39,0.91,3.5,500,3.792
1743,0.36,3,0.62,0.91,3.5,500,3.793
1744,0.63,7,0.7,1.3,39.0,1600,3.794
1745,0.47,2,0.83,0.91,7.0,550,3.797
1746,0.64,9,0.64,1.14,3.15,550,3.799
1747,0.36,8,0.84,0.98,5.0,570,3.812
1748,0.51,9,1.06,1.14,3.15,550,3.817
1749,0.46,8,0.66,0.98,5.0,570,3.818
1750,0.47,6,0.61,2.75,95.0,3300,3.822
1751,0.52,6,1.33,2.75,95.0,3300,3.836
1752,0.54,9,0.78,1.14,3.15,550,3.836
1753,0.62,5,0.35,1.34,2.0,450,3.846
1754,0.64,12,0.95,0.91,7.0,620,3.858
1755,0.65,11,0.84,1.19,10.0,800,3.858
1756,0.49,11,1.07,1.19,10.0,800,3.859
1757,0.45,6,0.86,2.75,95.0,3300,3.861
1758,0.4,9,0.63,1.14,3.15,550,3.862
1759,0.33,2,0.3,0.91,7.0,550,3.872
1760,0.66,5,0.82,1.34,2.0,450,3.879
1761,0.4,9,1.02,1.14,3.15,550,3.883
1762,0.44,7,1.32,1.3,39.0,1600,3.907
1763,0.57,3,0.24,0.91,3.5,500,3.907
1764,0.46,2,0.25,0.91,7.0,550,3.909
1765,0.62,1,0.37,7.85,210.0,1000,3.91
1766,0.47,3,0.21,0.91,3.5,500,3.91
1767,0.66,5,0.48,1.34,2.0,450,3.92
1768,0.4,5,1.01,1.34,2.0,450,3.926
1769,0.65,5,0.41,1.34,2.0,450,3.929
1770,0.34,7,1.4,1.3,39.0,1600,3.931
1771,0.57,2,0.53,0.91,7.0,550,3.931
1772,0.4,2,0.82,0.91,7.0,550,3.934
1773,0.62,5,0.36,1.34,2.0,450,3.938
1774,0.52,9,0.53,1.14,3.15,550,3.939
1775,0.64,2,0.29,0.91,7.0,550,3.952
1776,0.29,6,1.14,2.75,95.0,3300,3.953
1777,0.39,4,0.4,0.98,3000.0,132,3.956
1778,0.65,5,0.8,1.34,2.0,450,3.96
1779,0.62,3,0.64,0.91,3.5,500,3.963
1780,0.48,9,1.1,1.14,3.15,550,3.97
1781,0.62,11,1.35,1.19,10.0,800,3.973
1782,0.66,5,0.55,1.34,2.0,450,3.974
1783,0.38,2,0.62,0.91,7.0,550,3.975
1784,0.44,6,1.4,2.75,95.0,3300,3.975
1785,0.47,6,1.42,2.75,95.0,3300,3.978
1786,0.34,6,1.15,2.75,95.0,3300,3.979
1787,0.38,6,1.13,2.75,95.0,3300,3.984
1788,0.64,9,1.21,1.14,3.15,550,3.987
1789,0.64,8,0.96,0.98,5.0,570,3.993
1790,0.63,1,0.22,7.85,210.0,1000,3.995
1791,0.61,3,0.41,0.91,3.5,500,3.996
1792,0.33,6,1.42,2.75,95.0,3300,4.003
1793,0.65,12,0.97,0.91,7.0,620,4.004
1794,0.41,7,0.77,1.3,39.0,1600,4.011
1795,0.66,5,0.65,1.34,2.0,450,4.013
1796,0.54,3,0.59,0.91,3.5,500,4.013
1797,0.58,5,0.28,1.34,2.0,450,4.013
1798,0.62,3,0.36,0.91,3.5,500,4.015
1799,0.66,8,0.69,0.98,5.0,570,4.015
1800,0.66,12,1.03,0.91,7.0,620,4.021
1801,0.53,5,0.56,1.34,2.0,450,4.028
1802,0.6,9,0.88,1.14,3.15,550,4.028
1803,0.63,9,0.76,1.14,3.15,550,4.03
1804,0.29,6,1.49,2.75,95.0,3300,4.031
1805,0.45,3,0.46,0.91,3.5,500,4.033
1806,0.58,7,0.45,1.3,39.0,1600,4.038
1807,0.65,3,0.26,0.91,3.5,500,4.039
1808,0.52,3,0.62,0.91,3.5,500,4.046
1809,0.63,3,0.68,0.91,3.5,500,4.051
1810,0.66,5,0.82,1.34,2.0,450,4.055
1811,0.56,1,0.53,7.85,210.0,1000,4.065
1812,0.63,6,0.76,2.75,95.0,3300,4.066
1813,0.66,2,0.4,0.91,7.0,550,4.073
1814,0.29,4,0.51,0.98,3000.0,132,4.078
1815,0.47,6,1.23,2.75,95.0,3300,4.084
1816,0.56,5,0.52,1.34,2.0,450,4.087
1817,0.47,6,1.04,2.75,95.0,3300,4.092
1818,0.37,2,0.57,0.91,7.0,550,4.093
1819,0.65,8,0.5,0.98,5.0,570,4.093
1820,0.65,2,0.53,0.91,7.0,550,4.095
1821,0.52,2,0.37,0.91,7.0,550,4.096
1822,0.63,11,0.76,1.19,10.0,800,4.096
1823,0.58,3,0.35,0.91,3.5,500,4.096
1824,0.66,3,0.15,0.91,3.5,500,4.097
1825,0.31,6,1.27,2.75,95.0,3300,4.098
1826,0.58,7,1.04,1.3,39.0,1600,4.099
1827,0.63,5,0.48,1.34,2.0,450,4.105
1828,0.37,7,0.82,1.3,39.0,1600,4.106
1829,0.3,7,1.02,1.3,39.0,1600,4.115
1830,0.65,8,1.09,0.98,5.0,570,4.121
1831,0.31,9,1.26,1.14,3.15,550,4.129
1832,0.59,3,0.62,0.91,3.5,500,4.133
1833,0.54,6,1.39,2.75,95.0,3300,4.134
1834,0.63,1,0.39,7.85,210.0,1000,4.136
1835,0.62,12,1.21,0.91,7.0,620,4.16
1836,0.47,1,0.51,7.85,210.0,1000,4.165
1837,0.62,3,0.47,0.91,3.5,500,4.169
1838,0.4,1,0.67,7.85,210.0,1000,4.172
1839,0.65,8,0.49,0.98,5.0,570,4.179
1840,0.35,3,0.57,0.91,3.5,500,4.182
1841,0.56,9,0.74,1.14,3.15,550,4.19
1842,0.66,8,0.76,0.98,5.0,570,4.198
1843,0.42,2,0.62,0.91,7.0,550,4.21
1844,0.57,9,0.76,1.14,3.15,550,4.211
1845,0.56,8,0.89,0.98,5.0,570,4.213
1846,0.58,3,0.6,0.91,3.5,500,4.219
1847,0.43,2,0.69,0.91,7.0,550,4.223
1848,0.65,1,0.43,7.85,210.0,1000,4.231
1849,0.64,12,1.2,0.91,7.0,620,4.234
1850,0.59,3,0.47,0.91,3.5,500,4.237
1851,0.64,5,0.19,1.34,2.0,450,4.237
1852,0.65,5,0.42,1.34,2.0,450,4.24
1853,0.43,6,1.2,2.75,95.0,3300,4.242
1854,0.57,6,1.14,2.75,95.0,3300,4.244
1855,0.6,7,0.89,1.3,39.0,1600,4.247
1856,0.62,7,1.2,1.3,39.0,1600,4.254
1857,0.48,5,0.87,1.34,2.0,450,4.255
1858,0.31,2,0.68,0.91,7.0,550,4.263
1859,0.5,3,0.45,0.91,3.5,500,4.263
1860,0.64,3,0.49,0.91,3.5,500,4.265
1861,0.35,6,1.26,2.75,95.0,3300,4.267
1862,0.31,6,1.08,2.75,95.0,3300,4.272
1863,0.49,7,0.76,1.3,39.0,1600,4.273
1864,0.66,3,0.54,0.91,3.5,500,4.274
1865,0.29,6,1.64,2.75,95.0,3300,4.276
1866,0.46,9,1.27,1.14,3.15,550,4.28
1867,0.59,3,0.98,0.91,3.5,500,4.291
1868,0.53,1,0.74,7.85,210.0,1000,4.302
1869,0.51,6,0.87,2.75,95.0,3300,4.31
1870,0.3,7,1.32,1.3,39.0,1600,4.314
1871,0.62,3,0.92,0.91,3.5,500,4.315
1872,0.42,8,0.83,0.98,5.0,570,4.32
1873,0.55,8,0.75,0.98,5.0,570,4.326
1874,0.58,3,0.36,0.91,3.5,500,4.334
1875,0.45,3,0.6,0.91,3.5,500,4.341
1876,0.66,3,0.5,0.91,3.5,500,4.348
1877,0.66,3,0.62,0.91,3.5,500,4.352
1878,0.45,7,1.08,1.3,39.0,1600,4.354
1879,0.66,11,1.35,1.19,10.0,800,4.354
1880,0.5,6,1.33,2.75,95.0,3300,4.354
1881,0.57,3,0.55,0.91,3.5,500,4.36
1882,0.51,8,0.78,0.98,5.0,570,4.361
1883,0.5,7,1.06,1.3,39.0,1600,4.362
1884,0.55,1,0.72,7.85,210.0,1000,4.363
1885,0.34,7,1.21,1.3,39.0,1600,4.367
1886,0.32,6,1.58,2.75,95.0,3300,4.388
1887,0.55,7,0.77,1.3,39.0,1600,4.389
1888,0.57,7,0.59,1.3,39.0,1600,4.391
1889,0.35,7,0.85,1.3,39.0,1600,4.393
1890,0.3,6,1.05,2.75,95.0,3300,4.394
1891,0.33,6,1.57,2.75,95.0,3300,4.394
1892,0.6,8,0.73,0.98,5.0,570,4.408
1893,0.62,5,0.47,1.34,2.0,450,4.411
1894,0.39,7,0.95,1.3,39.0,1600,4.417
1895,0.33,2,0.74,0.91,7.0,550,4.432
1896,0.39,5,0.62,1.34,2.0,450,4.435
1897,0.58,6,1.3,2.75,95.0,3300,4.435
1898,0.3,7,0.54,1.3,39.0,1600,4.44
1899,0.49,6,1.2,2.75,95.0,3300,4.442
1900,0.46,7,1.3,1.3,39.0,1600,4.447
1901,0.51,7,1.47,1.3,39.0,1600,4.447
1902,0.3,6,1.45,2.75,95.0,3300,4.46
1903,0.66,5,0.49,1.34,2.0,450,4.461
1904,0.59,12,1.0,0.91,7.0,620,4.463
1905,0.37,6,1.16,2.75,95.0,3300,4.482
1906,0.56,7,0.93,1.3,39.0,1600,4.482
1907,0.59,3,0.71,0.91,3.5,500,4.484
1908,0.63,9,1.3,1.14,3.15,550,4.491
1909,0.59,6,1.24,2.75,95.0,3300,4.492
1910,0.43,6,1.72,2.75,95.0,3300,4.5
1911,0.64,1,1.12,7.85,210.0,1000,4.503
1912,0.54,7,1.09,1.3,39.0,1600,4.507
1913,0.53,6,0.58,2.75,95.0,3300,4.509
1914,0.54,9,1.0,1.14,3.15,550,4.543
1915,0.46,7,0.79,1.3,39.0,1600,4.547
1916,0.45,5,0.67,1.34,2.0,450,4.555
1917,0.66,5,0.72,1.34,2.0,450,4.565
1918,0.66,7,1.32,1.3,39.0,1600,4.573
1919,0.59,5,1.05,1.34,2.0,450,4.579
1920,0.63,1,0.94,7.85,210.0,1000,4.58
1921,0.65,1,0.75,7.85,210.0,1000,4.583
1922,0.34,6,1.47,2.75,95.0,3300,4.586
1923,0.63,1,0.9,7.85,210.0,1000,4.593
1924,0.56,5,0.88,1.34,2.0,450,4.593
1925,0.33,6,1.21,2.75,95.0,3300,4.594
1926,0.59,3,0.43,0.91,3.5,500,4.597
1927,0.65,9,0.84,1.14,3.15,550,4.597
1928,0.57,9,1.02,1.14,3.15,550,4.62
1929,0.39,5,1.14,1.34,2.0,450,4.624
1930,0.65,1,0.76,7.85,210.0,1000,4.626
1931,0.43,6,1.95,2.75,95.0,3300,4.633
1932,0.62,8,0.87,0.98,5.0,570,4.634
1933,0.64,1,0.9,7.85,210.0,1000,4.637
1934,0.4,1,0.65,7.85,210.0,1000,4.641
1935,0.65,1,0.35,7.85,210.0,1000,4.659
1936,0.64,1,0.74,7.85,210.0,1000,4.662
1937,0.65,1,0.67,7.85,210.0,1000,4.672
1938,0.58,1,0.85,7.85,210.0,1000,4.676
1939,0.29,6,1.54,2.75,95.0,3300,4.678
1940,0.41,6,1.22,2.75,95.0,3300,4.685
1941,0.62,3,0.48,0.91,3.5,500,4.708
1942,0.58,3,0.72,0.91,3.5,500,4.708
1943,0.36,6,1.22,2.75,95.0,3300,4.708
1944,0.65,1,0.34,7.85,210.0,1000,4.731
1945,0.65,1,0.61,7.85,210.0,1000,4.737
1946,0.6,3,0.54,0.91,3.5,500,4.742
1947,0.64,11,0.62,1.19,10.0,800,4.754
1948,0.5,1,0.51,7.85,210.0,1000,4.762
1949,0.63,1,0.78,7.85,210.0,1000,4.765
1950,0.61,8,1.02,0.98,5.0,570,4.766
1951,0.33,3,0.72,0.91,3.5,500,4.769
1952,0.5,2,0.47,0.91,7.0,550,4.772
